"Frame","Time","Pitch","Smooth"
0,0,284.0505,2.703328696
1,0.04,284.103,2.713481842
2,0.08,285.053,2.729433428
3,0.12,285.0235,2.729532519
4,0.16,286.032,2.756322206
5,0.2,287.003,2.773111995
6,0.24,286.9795,2.783306561
7,0.28,285.076,2.771830434
8,0.32,284.1305,2.766217338
9,0.36,285.0425,2.782139374
10,0.4,285.065,2.782608832
11,0.44,284.1355,2.777057495
12,0.48,286.0385,2.799736997
13,0.52,286.06,2.800217743
14,0.56,286.0595,2.811168024
15,0.6,285.0965,2.805076563
16,0.64,285.106,2.816274136
17,0.68,284.999,2.8154884
18,0.72,282.104,2.797132655
19,0.76,278.243,2.772361297
20,0.8,276.228,2.748826373
21,0.84,273.2945,2.730276008
22,0.88,268.4395,2.689164572
23,0.92,267.3625,2.681995905
24,0.96,263.522,2.648197142
25,1,259.59,2.622990331
26,1.04,257.6675,2.601528388
27,1.08,257.554,2.60037531
28,1.12,255.6585,2.57942095
29,1.16,252.732,2.551950285
30,1.2,250.756,2.539594097
31,1.24,249.79,2.533564175
32,1.28,248.832,2.518712922
33,1.32,247.871,2.503952965
34,1.36,246.8955,2.489291563
35,1.4,246.884,2.489150333
36,1.44,246.869,2.488934123
37,1.48,246.8795,2.489024394
38,1.52,246.885,2.489044095
39,1.56,246.8795,2.480669925
40,1.6,246.8795,2.480616645
41,1.64,246.878,2.480532176
42,1.68,246.879,2.480502658
43,1.72,246.892,2.480567299
44,1.76,247.841,2.486222633
45,1.8,247.8425,2.486182611
46,1.84,247.844,2.486142592
47,1.88,248.7865,2.491718057
48,1.92,248.7955,2.491731771
49,1.96,248.8035,2.491752905
50,2,249.747,2.497360477
51,2.04,249.7555,2.497384506
52,2.08,249.7605,2.497414483
53,2.12,248.8575,2.483971091
54,2.16,248.852,2.483916171
55,2.2,248.8535,2.48389857
56,2.24,248.8535,2.48385433
57,2.28,248.852,2.483863081
58,2.32,248.85,2.483868852
59,2.36,248.8515,2.483851252
60,2.4,248.853,2.483824805
61,2.44,248.8545,2.483789513
62,2.48,248.8525,2.483737777
63,2.52,248.8555,2.483742394
64,2.56,249.78,2.48923231
65,2.6,249.79,2.489296372
66,2.64,249.794,2.48932466
67,2.68,249.7995,2.489330813
68,2.72,249.799,2.489301194
69,2.76,249.798,2.48923752
70,2.8,249.8055,2.489255597
71,2.84,249.803,2.489174108
72,2.88,249.812,2.489223322
73,2.92,249.8085,2.489127001
74,2.96,250.706,2.494396891
75,3,250.68,2.494028178
76,3.04,249.7705,2.488567725
77,3.08,248.866,2.475268537
78,3.12,248.8535,2.475085134
79,3.16,248.845,2.474925467
80,3.2,248.8385,2.474851975
81,3.24,248.814,2.47456693
82,3.28,248.81,2.474556332
83,3.32,248.7985,2.47443138
84,3.36,248.783,2.474265261
85,3.4,248.7745,2.474171212
86,3.44,248.7775,2.474193357
87,3.48,248.781,2.474214097
88,3.52,248.7835,2.474159028
89,3.56,248.791,2.474159793
90,3.6,249.702,2.479535819
91,3.64,249.702,2.479491988
92,3.68,249.707,2.479521613
93,3.72,249.705,2.479492231
94,3.76,249.7095,2.479562725
95,3.8,249.711,2.479575996
96,3.84,249.7135,2.479577659
97,3.88,249.716,2.479570555
98,3.92,249.7165,2.479560368
99,3.96,249.7145,2.47952222
100,4,249.71,2.479469261
101,4.04,249.7075,2.479445684
102,4.08,249.7075,2.479436918
103,4.12,249.707,2.479420808
104,4.16,249.71,2.479464878
105,4.2,249.7125,2.479475307
106,4.24,249.715,2.479485736
107,4.28,249.717,2.479493203
108,4.32,249.718,2.479525425
109,4.36,249.7155,2.47950623
110,4.4,249.718,2.479525425
111,4.44,249.72,2.479537274
112,4.48,249.722,2.47955789
113,4.52,249.7265,2.479602084
114,4.56,249.7295,2.479615476
115,4.6,249.7295,2.479602326
116,4.64,249.733,2.47961868
117,4.68,249.7305,2.479577569
118,4.72,249.7295,2.479562878
119,4.76,249.7295,2.479554113
120,4.8,249.7315,2.47959226
121,4.84,249.733,2.479601147
122,4.88,249.732,2.479586456
123,4.92,249.7325,2.479589418
124,4.96,249.7325,2.479585035
125,5,249.7315,2.479574728
126,5.04,249.731,2.479576148
127,5.08,249.7305,2.479568803
128,5.12,249.7325,2.479602568
129,5.16,249.7355,2.479633492
130,5.2,249.735,2.479634913
131,5.24,249.7375,2.479671642
132,5.28,249.738,2.479670221
133,5.32,249.7395,2.479692258
134,5.36,249.737,2.479659912
135,5.4,249.7345,2.479627567
136,5.44,249.745,2.47974238
137,5.48,249.751,2.479813002
138,5.52,249.759,2.47987794
139,5.56,249.7635,2.479926526
140,5.6,249.767,2.479912189
141,5.64,249.7765,2.48000794
142,5.68,249.7755,2.479962553
143,5.72,249.801,2.480280292
144,5.76,249.8125,2.480414234
145,5.8,250.7365,2.486092507
146,5.84,250.7715,2.486590708
147,5.88,251.686,2.50000596
148,5.92,251.74,2.500600562
149,5.96,251.797,2.501096923
150,6,252.763,2.507039944
151,6.04,253.7335,2.512875933
152,6.08,255.651,2.532776344
153,6.12,255.692,2.533307148
154,6.16,255.7035,2.533491058
155,6.2,255.716,2.533616608
156,6.24,256.626,2.547711236
157,6.28,255.695,2.542249847
158,6.32,255.6905,2.542301776
159,6.36,255.686,2.542307194
160,6.4,255.656,2.541921612
161,6.44,254.705,2.527544133
162,6.48,253.7585,2.521931574
163,6.52,253.739,2.530345888
164,6.56,253.7135,2.530265928
165,6.6,253.7055,2.53025921
166,6.64,253.7035,2.530362529
167,6.68,253.6865,2.530223061
168,6.72,252.7885,2.524856963
169,6.76,252.7715,2.524694635
170,6.8,252.76,2.524565493
171,6.84,252.7545,2.524592092
172,6.88,252.7585,2.524657604
173,6.92,252.7505,2.52460475
174,6.96,252.739,2.524480207
175,7,252.7265,2.524345044
176,7.04,252.713,2.524199264
177,7.08,252.705,2.524160206
178,7.12,252.693,2.524069444
179,7.16,252.6775,2.523975959
180,7.2,251.7625,2.51846647
181,7.24,252.658,2.52378942
182,7.28,251.734,2.509780461
183,7.32,251.7325,2.509649233
184,7.36,251.732,2.509628128
185,7.4,251.732,2.509555706
186,7.44,251.7285,2.509489458
187,7.48,251.724,2.509471525
188,7.52,251.7125,2.509384463
189,7.56,250.8025,2.503977285
190,7.6,250.7875,2.503891844
191,7.64,250.784,2.503852819
192,7.68,250.7825,2.503843824
193,7.72,250.7765,2.503758249
194,7.76,250.7745,2.503723714
195,7.8,250.773,2.503719228
196,7.84,250.771,2.503716252
197,7.88,250.769,2.503713276
198,7.92,250.768,2.503738839
199,7.96,250.768,2.503720805
200,8,250.7705,2.503744813
201,8.04,250.767,2.503692266
202,8.08,250.7625,2.503656266
203,8.12,250.7785,2.503788276
204,8.16,250.791,2.503890286
205,8.2,250.7915,2.503906812
206,8.24,250.794,2.503930822
207,8.28,250.7945,2.503960877
208,8.32,250.7945,2.503978915
209,8.36,250.793,2.503947372
210,8.4,250.793,2.503942863
211,8.44,250.798,2.503936772
212,8.48,251.7045,2.509359119
213,8.52,251.709,2.509386103
214,8.56,251.713,2.509419141
215,8.6,251.7125,2.509407091
216,8.64,251.7125,2.50939804
217,8.68,251.712,2.509390516
218,8.72,251.711,2.509393571
219,8.76,251.713,2.509401038
220,8.8,251.7115,2.509387518
221,8.84,251.7135,2.509413087
222,8.88,251.7145,2.50942361
223,8.92,251.716,2.509446182
224,8.96,251.717,2.50946123
225,9,251.715,2.509376827
226,9.04,251.715,2.509381352
227,9.08,251.7155,2.509384351
228,9.12,251.7175,2.509418971
229,9.16,251.7205,2.509464115
230,9.2,251.72,2.509465642
231,9.24,251.719,2.509464172
232,9.28,251.7125,2.509379938
233,9.32,251.708,2.509321277
234,9.36,251.706,2.509304759
235,9.4,251.701,2.509247628
236,9.44,251.702,2.509249099
237,9.48,251.6985,2.509219063
238,9.52,251.699,2.509213012
239,9.56,251.696,2.509181449
240,9.6,251.696,2.509185974
241,9.64,251.695,2.509189027
242,9.68,251.6935,2.509170984
243,9.72,251.69,2.509127376
244,9.76,251.69,2.509127376
245,9.8,251.6865,2.509083769
246,9.84,251.684,2.509064255
247,9.88,251.6895,2.509101756
248,9.92,251.6885,2.509091236
249,9.96,251.6885,2.50907314
250,10,251.692,2.509094125
251,10.04,251.6875,2.509071668
252,10.08,251.683,2.509040163
253,10.12,250.7775,2.503610969
254,10.16,250.7705,2.503573506
255,10.2,250.764,2.50353904
256,10.24,250.7465,2.503479186
257,10.28,250.732,2.503396751
258,10.32,249.803,2.497830929
259,10.36,249.802,2.497847386
260,10.4,250.7275,2.503387798
261,10.44,250.7365,2.503414719
262,10.48,250.7685,2.50362913
263,10.52,251.6905,2.509116801
264,10.56,251.697,2.509074339
265,10.6,251.697,2.509056244
266,10.64,251.6985,2.50905619
267,10.68,251.699,2.509068235
268,10.72,251.698,2.509080335
269,10.76,251.6995,2.509130045
270,10.8,251.6985,2.509110477
271,10.84,251.703,2.509137458
272,10.88,251.7055,2.509143398
273,10.92,251.706,2.5091283
274,10.96,251.7175,2.509233444
275,11,251.722,2.509292098
276,11.04,251.7235,2.509301092
277,11.08,251.727,2.509340177
278,11.12,251.731,2.509386786
279,11.16,251.7355,2.509427344
280,11.2,251.7415,2.509472371
281,11.24,251.7485,2.509527921
282,11.28,251.742,2.509466318
283,11.32,251.7475,2.509503823
284,11.36,251.7575,2.509609042
285,11.4,251.765,2.509681172
286,11.44,251.772,2.509768412
287,11.48,251.773,2.509778936
288,11.52,251.771,2.50978505
289,11.56,251.7725,2.509825733
290,11.6,251.7715,2.509837845
291,11.64,251.773,2.509860422
292,11.68,251.7775,2.509910045
293,11.72,251.7835,2.509973193
294,11.76,251.7835,2.509973193
295,11.8,251.7845,2.509992773
296,11.84,251.7825,2.509962668
297,11.88,251.7835,2.50995961
298,11.92,251.786,2.509974602
299,11.96,251.788,2.509986597
300,12,251.7825,2.509858538
301,12.04,251.776,2.509769765
302,12.08,251.772,2.509695988
303,12.12,251.78,2.509766591
304,12.16,251.783,2.509780054
305,12.2,251.784,2.509767944
306,12.24,251.781,2.509704692
307,12.28,251.7835,2.509737787
308,12.32,251.7815,2.509698638
309,12.36,251.7815,2.509676007
310,12.4,251.7825,2.509691055
311,12.44,251.7825,2.509700108
312,12.48,251.7825,2.509700108
313,12.52,251.7835,2.509697051
314,12.56,251.784,2.509700049
315,12.6,251.7855,2.509722622
316,12.64,251.787,2.509740669
317,12.68,251.787,2.509740669
318,12.72,251.786,2.50972562
319,12.76,251.7875,2.509721036
320,12.8,251.7905,2.509748076
321,12.84,251.792,2.509761596
322,12.88,252.683,2.515108634
323,12.92,252.6895,2.515183949
324,12.96,252.696,2.51529107
325,13,252.7195,2.51555922
326,13.04,252.724,2.515586207
327,13.08,253.69,2.530207253
328,13.12,254.6765,2.545287409
329,13.16,255.6875,2.560578364
330,13.2,257.597,2.581615956
331,13.24,257.6575,2.582240003
332,13.28,258.597,2.597239079
333,13.32,258.6005,2.59738896
334,13.36,259.559,2.612768734
335,13.4,259.5785,2.613280837
336,13.44,258.678,2.608009026
337,13.48,259.578,2.622808772
338,13.52,259.599,2.623346007
339,13.56,259.626,2.623794082
340,13.6,259.6275,2.623905028
341,13.64,259.6455,2.624175075
342,13.68,260.577,2.639395522
343,13.72,260.597,2.639691563
344,13.76,261.573,2.65580303
345,13.8,263.4925,2.678499309
346,13.84,264.525,2.695694817
347,13.88,267.4145,2.724765228
348,13.92,270.329,2.75450017
349,13.96,272.284,2.767641751
350,14,273.264,2.784814343
351,14.04,274.2275,2.791423327
352,14.08,274.3015,2.792445371
353,14.12,275.2345,2.809372453
354,14.16,275.2365,2.809706816
355,14.2,274.2115,2.80290807
356,14.24,268.416,2.765285017
357,14.28,264.5445,2.739989345
358,14.32,258.6955,2.701541082
359,14.36,253.737,2.679132035
360,14.4,250.8265,2.649913829
361,14.44,248.8325,2.636673672
362,14.48,244.9675,2.611172497
363,14.52,243.9425,2.604277987
364,14.56,242.9795,2.59788706
365,14.6,242.9415,2.597500592
366,14.64,242.9075,2.597124738
367,14.68,242.8865,2.596955162
368,14.72,242.876,2.596901875
369,14.76,242.876,2.596933375
370,14.8,242.8715,2.596919536
371,14.84,241.9705,2.591058084
372,14.88,241.9765,2.591181238
373,14.92,242.8915,2.597250581
374,14.96,242.9125,2.597530499
375,15,243.8615,2.613705093
376,15.04,243.914,2.614036481
377,15.08,245.844,2.626866956
378,15.12,251.719,2.666213242
379,15.16,257.6235,2.72737056
380,15.2,263.5385,2.778748578
381,15.24,272.3275,2.86256506
382,15.28,279.1145,2.921296997
383,15.32,282.068,2.942108814
384,15.36,283.162,2.950393299
385,15.4,287.9305,2.995533224
386,15.44,288.975,3.003119314
387,15.48,289.9775,3.010646854
388,15.52,290.0175,3.010993926
389,15.56,290.955,3.017858381
390,15.6,291.905,3.037318798
391,15.64,291.9685,3.038124723
392,15.68,292.905,3.0448191
393,15.72,292.959,3.045410274
394,15.76,294.847,3.072068083
395,15.8,295.8075,3.078766967
396,15.84,294.8795,3.058747142
397,15.88,294.866,3.058530728
398,15.92,294.8565,3.058227318
399,15.96,294.8405,3.057979158
400,16,294.8335,3.057851297
401,16.04,293.884,3.051309971
402,16.08,293.8565,3.050967706
403,16.12,292.906,3.044397913
404,16.16,292.874,3.044024762
405,16.2,292.866,3.044011725
406,16.24,292.8695,3.044193091
407,16.28,292.8725,3.044271106
408,16.32,292.8735,3.044306625
409,16.36,291.9735,3.038045811
410,16.4,292.87,3.044196581
411,16.44,292.8605,3.043944808
412,16.48,291.9585,3.024810927
413,16.52,291.945,3.024464577
414,16.56,291.9125,3.02400061
415,16.6,291.9065,3.023783608
416,16.64,291.921,3.02379995
417,16.68,291.9215,3.023621037
418,16.72,291.908,3.023296031
419,16.76,291.9105,3.023215195
420,16.8,292.842,3.029629168
421,16.84,292.8615,3.029806523
422,16.88,292.875,3.029843816
423,16.92,292.926,3.017695458
424,16.96,292.9255,3.017594732
425,17,292.91,3.017376811
426,17.04,291.96,3.010702258
427,17.08,292.8865,3.016881574
428,17.12,292.8735,3.016424086
429,17.16,291.888,3.009286189
430,17.2,290.954,2.990320451
431,17.24,290.9,2.989495137
432,17.28,289.009,2.963809944
433,17.32,288.0275,2.944187569
434,17.36,287.9955,2.943538645
435,17.4,286.088,2.906001726
436,17.44,287.0145,2.91184317
437,17.48,286.08,2.893666596
438,17.52,286.9965,2.899286931
439,17.56,286.099,2.881939305
440,17.6,286.0885,2.881672197
441,17.64,286.0625,2.881272278
442,17.68,286.042,2.880809681
443,17.72,286.015,2.880261251
444,17.76,286.013,2.880235742
445,17.8,286.061,2.869435368
446,17.84,286.056,2.869347719
447,17.88,286.046,2.869172436
448,17.92,285.0905,2.862782637
449,17.96,285.07,2.862514823
450,18,285.0615,2.862404532
451,18.04,285.07,2.862423561
452,18.08,286.0135,2.86830691
453,18.12,286.9575,2.874191758
454,18.16,286.961,2.874159534
455,18.2,286.967,2.87416812
456,18.24,286.962,2.874141585
457,18.28,286.9515,2.874024053
458,18.32,286.9375,2.874018294
459,18.36,284.073,2.855764457
460,18.4,283.0815,2.849438305
461,18.44,282.0775,2.842547896
462,18.48,282.026,2.84201898
463,18.52,280.1795,2.818869064
464,18.56,278.178,2.783026578
465,18.6,275.2835,2.732388738
466,18.64,275.271,2.731912256
467,18.68,274.3675,2.716175178
468,18.72,275.268,2.721780902
469,18.76,275.274,2.721780738
470,18.8,275.27,2.721761104
471,18.84,275.2615,2.721697169
472,18.88,275.2225,2.721081842
473,18.92,275.1685,2.720206298
474,18.96,274.2695,2.704664887
475,19,274.2715,2.704301276
476,19.04,275.2015,2.709931466
477,19.08,274.3295,2.694872373
478,19.12,275.2615,2.700483405
479,19.16,275.2495,2.700094192
480,19.2,274.291,2.684342713
481,19.24,274.2545,2.683911769
482,19.28,272.3325,2.662190742
483,19.32,270.422,2.640870367
484,19.36,270.3785,2.640501898
485,19.4,270.319,2.640021477
486,19.44,268.457,2.619371631
487,19.48,268.421,2.618993335
488,19.52,267.4665,2.604069149
489,19.56,267.4715,2.604026987
490,19.6,267.4875,2.604156609
491,19.64,267.497,2.604237634
492,19.68,268.387,2.609565504
493,19.72,267.4825,2.604040047
494,19.76,267.4865,2.604078463
495,19.8,267.475,2.603942169
496,19.84,267.467,2.603769173
497,19.88,268.3545,2.609047329
498,19.92,268.347,2.6089493
499,19.96,267.4575,2.603611247
500,20,267.457,2.603637094
501,20.04,267.4465,2.603617405
502,20.08,267.44,2.603607277
503,20.12,267.4365,2.603624753
504,20.16,267.438,2.603729911
505,20.2,267.446,2.603941395
506,20.24,268.3715,2.618572742
507,20.28,268.378,2.618792562
508,20.32,268.371,2.618882163
509,20.36,267.422,2.613026196
510,20.4,267.387,2.612693492
511,20.44,266.417,2.606780131
512,20.48,264.509,2.586370274
513,20.52,262.583,2.574828698
514,20.56,262.569,2.574768345
515,20.6,261.617,2.56901634
516,20.64,261.582,2.568745277
517,20.68,260.642,2.563070465
518,20.72,261.576,2.577555168
519,20.76,261.558,2.577513208
520,20.8,261.5555,2.577593278
521,20.84,261.5565,2.577656405
522,20.88,261.564,2.577820607
523,20.92,261.5625,2.577797282
524,20.96,262.5065,2.59256518
525,21,262.5115,2.592682475
526,21.04,262.526,2.592891251
527,21.08,263.489,2.60807182
528,21.12,263.511,2.608328781
529,21.16,263.523,2.608490379
530,21.2,263.532,2.608589496
531,21.24,263.5375,2.608652526
532,21.28,263.535,2.608583261
533,21.32,263.5335,2.608529923
534,21.36,263.55,2.608719007
535,21.4,263.5615,2.608823574
536,21.44,263.567,2.608852237
537,21.48,263.572,2.608877847
538,21.52,264.515,2.623952088
539,21.56,265.4185,2.629524008
540,21.6,265.4305,2.629657713
541,21.64,265.4415,2.629765274
542,21.68,265.4515,2.629856694
543,21.72,265.4525,2.629847823
544,21.76,265.464,2.629948455
545,21.8,265.4635,2.629895347
546,21.84,265.474,2.630044884
547,21.88,265.4835,2.630153262
548,21.92,265.484,2.630166342
549,21.96,265.4915,2.630212395
550,22,265.5045,2.63038232
551,22.04,265.5045,2.630367302
552,22.08,265.5105,2.630404146
553,22.12,266.4355,2.636049075
554,22.16,266.4375,2.63605131
555,22.2,266.4415,2.636065825
556,22.24,266.4505,2.636131136
557,22.28,266.456,2.636159885
558,22.32,266.4655,2.636313673
559,22.36,266.47,2.636386525
560,22.4,266.4625,2.636255058
561,22.44,266.4595,2.636121098
562,22.48,267.4115,2.641941386
563,22.52,267.422,2.641970571
564,22.56,267.4305,2.642047966
565,22.6,268.378,2.64783535
566,22.64,268.3735,2.647741959
567,22.68,268.372,2.647692284
568,22.72,267.4195,2.632373453
569,22.76,267.412,2.632242982
570,22.8,267.395,2.631989795
571,22.84,267.3905,2.631897591
572,22.88,265.4865,2.610927559
573,22.92,265.4715,2.610733918
574,22.96,265.4635,2.610621858
575,23,265.4535,2.610517215
576,23.04,265.4505,2.610489243
577,23.08,265.4495,2.610478291
578,23.12,265.445,2.610431448
579,23.16,265.4425,2.610401626
580,23.2,265.443,2.61043397
581,23.24,265.4455,2.610493106
582,23.28,265.446,2.610515682
583,23.32,265.4505,2.610586958
584,23.36,265.4525,2.610623523
585,23.4,265.4525,2.610613751
586,23.44,265.454,2.610632624
587,23.48,265.454,2.61063751
588,23.52,265.458,2.610695985
589,23.56,265.459,2.61069228
590,23.6,265.464,2.610751938
591,23.64,265.4665,2.610781768
592,23.68,265.4665,2.610815977
593,23.72,265.4675,2.610856255
594,23.76,265.4665,2.6108453
595,23.8,265.464,2.610820356
596,23.84,265.468,2.610859289
597,23.88,265.4705,2.610884234
598,23.92,265.4715,2.61089519
599,23.96,265.475,2.610931091
600,24,265.467,2.610838559
601,24.04,265.465,2.610816649
602,24.08,265.4635,2.610787999
603,24.12,265.4625,2.610772157
604,24.16,265.467,2.610838559
605,24.2,265.4655,2.61082457
606,24.24,265.469,2.610884907
607,24.28,265.467,2.610858109
608,24.32,265.466,2.610852041
609,24.36,265.462,2.61080822
610,24.4,264.5245,2.605109784
611,24.44,264.522,2.605084874
612,24.48,264.5255,2.605145071
613,24.52,264.523,2.605110421
614,24.56,264.523,2.605125031
615,24.6,264.5205,2.605100121
616,24.64,264.523,2.605139641
617,24.68,265.4645,2.620103566
618,24.72,265.4645,2.620118397
619,24.76,265.469,2.62017058
620,24.8,265.468,2.620144702
621,24.84,265.47,2.620161851
622,24.88,265.4695,2.620153856
623,24.92,265.467,2.620118823
624,24.96,264.5275,2.605176688
625,25,264.5265,2.605146269
626,25.04,264.5255,2.605120721
627,25.08,264.525,2.605122557
628,25.12,264.5235,2.605123195
629,25.16,264.526,2.605152975
630,25.2,264.522,2.605099484
631,25.24,264.522,2.605114093
632,25.28,264.5185,2.605097725
633,25.32,264.521,2.605132375
634,25.36,264.52,2.605106827
635,25.4,265.4615,2.620095145
636,25.44,265.4615,2.620109976
637,25.48,265.462,2.620182243
638,25.52,265.464,2.620248838
639,25.56,265.4675,2.620314703
640,25.6,265.4735,2.620415612
641,25.64,265.482,2.620536736
642,25.68,266.4235,2.635674073
643,25.72,266.436,2.635831159
644,25.76,266.442,2.635938306
645,25.8,266.451,2.636088998
646,25.84,266.457,2.636171049
647,25.88,266.468,2.636329025
648,25.92,267.395,2.651407026
649,25.96,267.3965,2.651441788
650,26,267.4045,2.651552396
651,26.04,267.4235,2.651848283
652,26.08,267.426,2.651955561
653,26.12,267.436,2.652124492
654,26.16,268.3595,2.667300386
655,26.2,268.364,2.667520008
656,26.24,268.3755,2.667700271
657,26.28,268.3915,2.667934436
658,26.32,268.409,2.668198698
659,26.36,268.4035,2.668320047
660,26.4,267.4785,2.662642851
661,26.44,267.485,2.662745269
662,26.48,267.5045,2.663062906
663,26.52,268.404,2.67804939
664,26.56,268.414,2.678216831
665,26.6,268.413,2.678168609
666,26.64,269.3375,2.683943493
667,26.68,269.338,2.683904507
668,26.72,269.337,2.683824564
669,26.76,269.3365,2.683726702
670,26.8,269.3565,2.683867519
671,26.84,268.4675,2.669003139
672,26.88,268.4625,2.668904617
673,26.92,268.443,2.668674474
674,26.96,268.4365,2.668525166
675,27,268.4175,2.668256711
676,27.04,268.424,2.668255635
677,27.08,269.3615,2.674014574
678,27.12,269.3425,2.673735265
679,27.16,269.3235,2.673450811
680,27.2,268.378,2.667503386
681,27.24,268.375,2.667469206
682,27.28,268.37,2.66740706
683,27.32,268.3655,2.667348023
684,27.36,268.3595,2.667305566
685,27.4,268.3575,2.66729314
686,27.44,268.36,2.667319031
687,27.48,268.3625,2.667344923
688,27.52,268.3635,2.667356315
689,27.56,268.3595,2.667326284
690,27.6,268.3625,2.667350102
691,27.64,268.362,2.667326277
692,27.68,268.3615,2.667297274
693,27.72,268.3605,2.667275523
694,27.76,268.3625,2.667303487
695,27.8,268.3625,2.667308666
696,27.84,268.3635,2.6673097
697,27.88,268.365,2.667324198
698,27.92,268.365,2.66730866
699,27.96,269.313,2.67320363
700,28,268.4105,2.658272659
701,28.04,268.383,2.657657268
702,28.08,267.4365,2.642185639
703,28.12,268.381,2.657583487
704,28.16,268.374,2.667442272
705,28.2,268.402,2.668269246
706,28.24,267.4695,2.662540403
707,28.28,267.455,2.662336613
708,28.32,267.444,2.662015157
709,28.36,268.3275,2.667054964
710,28.4,267.4005,2.651563393
711,28.44,266.466,2.636181102
712,28.48,268.36,2.657469142
713,28.52,268.364,2.667302447
714,28.56,268.39,2.66777483
715,28.6,268.4105,2.668337632
716,28.64,267.488,2.662753581
717,28.68,268.421,2.668657004
718,28.72,268.3925,2.677841126
719,28.76,268.412,2.678136127
720,28.8,268.417,2.678219849
721,28.84,269.364,2.684325054
722,28.88,269.381,2.68455249
723,28.92,269.409,2.684901436
724,28.96,269.4215,2.685048111
725,29,269.435,2.685201053
726,29.04,269.442,2.685313351
727,29.08,269.4425,2.68532702
728,29.12,269.4435,2.685322733
729,29.16,269.443,2.685319606
730,29.2,269.4405,2.685256535
731,29.24,269.4375,2.68521669
732,29.28,269.435,2.685174703
733,29.32,269.4375,2.685190339
734,29.36,270.384,2.691168376
735,29.4,270.396,2.691291036
736,29.44,270.3925,2.691216252
737,29.48,270.3875,2.691036902
738,29.52,270.393,2.690965545
739,29.56,271.3325,2.696798482
740,29.6,271.3445,2.696873525
741,29.64,271.3525,2.696912941
742,29.68,271.361,2.697008546
743,29.72,271.364,2.697032613
744,29.76,271.371,2.697161298
745,29.8,271.3625,2.697124059
746,29.84,271.347,2.696989975
747,29.88,270.382,2.690796303
748,29.92,270.3535,2.690528225
749,29.96,269.3945,2.684452573
750,30,269.3865,2.684418349
751,30.04,269.362,2.684212501
752,30.08,268.415,2.678191606
753,30.12,268.3845,2.677869783
754,30.16,268.3675,2.677674352
755,30.2,267.47,2.662822577
756,30.24,267.4715,2.662790553
757,30.28,267.475,2.66269861
758,30.32,267.479,2.662651127
759,30.36,267.488,2.662717406
760,30.4,268.429,2.668494104
761,30.44,269.3925,2.674493411
762,30.48,269.418,2.674740398
763,30.52,270.376,2.680747701
764,30.56,270.385,2.680683499
765,30.6,271.3395,2.686385954
766,30.64,272.2515,2.691770182
767,30.68,272.2585,2.691687534
768,30.72,272.2695,2.691703325
769,30.76,272.285,2.691794376
770,30.8,273.1945,2.697429573
771,30.84,273.1925,2.697374961
772,30.88,273.184,2.697274696
773,30.92,271.359,2.676442242
774,30.96,271.339,2.67623066
775,31,271.3235,2.676181504
776,31.04,270.3565,2.670166302
777,31.08,269.38,2.664190377
778,31.12,268.408,2.658200869
779,31.16,268.3685,2.667387381
780,31.2,268.3595,2.667347002
781,31.24,268.36,2.667277596
782,31.28,268.406,2.658224368
783,31.32,268.4365,2.65843329
784,31.36,269.3855,2.664296327
785,31.4,268.431,2.658358328
786,31.44,268.4115,2.658248103
787,31.48,268.409,2.658166071
788,31.52,268.4175,2.658223704
789,31.56,269.3645,2.664032939
790,31.6,269.367,2.664032964
791,31.64,269.3655,2.664018557
792,31.68,269.3585,2.663929059
793,31.72,268.4155,2.658088428
794,31.76,268.406,2.657993897
795,31.8,268.3965,2.657837926
796,31.84,268.391,2.657757875
797,31.88,268.3885,2.657839713
798,31.92,268.3905,2.657903271
799,31.96,268.404,2.658114695
800,32,268.4015,2.658124859
801,32.04,268.4025,2.658151524
802,32.08,268.4055,2.658190546
803,32.12,269.3065,2.673158048
804,32.16,268.373,2.66740498
805,32.2,268.373,2.66748268
806,32.24,268.3835,2.667713712
807,32.28,268.3925,2.667852549
808,32.32,268.4065,2.668043204
809,32.36,268.4115,2.668146845
810,32.4,268.4135,2.668242219
811,32.44,268.4195,2.668388388
812,32.48,268.4275,2.668500337
813,32.52,268.4415,2.668711828
814,32.56,268.4505,2.66884558
815,32.6,268.4525,2.668894325
816,32.64,269.3495,2.683823759
817,32.68,269.352,2.683881495
818,32.72,269.3625,2.684062945
819,32.76,269.3735,2.684221221
820,32.8,269.3925,2.684482198
821,32.84,269.3915,2.684502278
822,32.88,269.394,2.684544244
823,32.92,269.398,2.684611392
824,32.96,269.401,2.684661756
825,33,269.3955,2.684606293
826,33.04,269.4,2.684676572
827,33.08,269.405,2.684749981
828,33.12,269.405,2.684776321
829,33.16,269.404,2.684770067
830,33.2,269.4045,2.684804803
831,33.24,269.403,2.684821764
832,33.28,269.409,2.684975202
833,33.32,269.4095,2.685046831
834,33.36,268.478,2.679294201
835,33.4,269.3835,2.69467284
836,33.44,269.381,2.694753067
837,33.48,269.388,2.69496239
838,33.52,268.4835,2.689505231
839,33.56,269.4325,2.7058088
840,33.6,271.374,2.73943197
841,33.64,272.338,2.756758675
842,33.68,273.294,2.774152504
843,33.72,274.208,2.790851381
844,33.76,274.252,2.791700421
845,33.8,274.29,2.792399505
846,33.84,275.225,2.809476535
847,33.88,275.2705,2.810251739
848,33.92,275.2915,2.81062203
849,33.96,275.304,2.810924591
850,34,276.2225,2.828022991
851,34.04,276.2235,2.82808405
852,34.08,276.2635,2.828675541
853,34.12,277.232,2.846865122
854,34.16,277.2405,2.847050946
855,34.2,278.1845,2.865076146
856,34.24,278.1965,2.86526915
857,34.28,278.2105,2.865456825
858,34.32,278.2145,2.865514918
859,34.36,278.217,2.86554419
860,34.4,278.216,2.865499958
861,34.44,278.22,2.865495508
862,34.48,278.2175,2.865422459
863,34.52,278.2225,2.86544973
864,34.56,278.243,2.865693509
865,34.6,278.2625,2.865880562
866,34.64,279.174,2.871980045
867,34.68,279.1865,2.87205131
868,34.72,279.191,2.872056378
869,34.76,279.199,2.87212885
870,34.8,279.211,2.872278363
871,34.84,279.211,2.872171654
872,34.88,279.2225,2.872267595
873,34.92,280.1465,2.878394008
874,34.96,280.1565,2.878391788
875,35,280.161,2.878308616
876,35.04,279.224,2.860246968
877,35.08,279.202,2.859970289
878,35.12,279.1805,2.859740338
879,35.16,278.2335,2.853345545
880,35.2,278.2005,2.85301464
881,35.24,277.2395,2.835184585
882,35.28,277.2265,2.834958846
883,35.32,277.2235,2.834853975
884,35.36,277.251,2.835017771
885,35.4,278.187,2.84109094
886,35.44,278.198,2.841121093
887,35.48,279.1415,2.847126825
888,35.52,279.207,2.836465288
889,35.56,279.223,2.836461814
890,35.6,280.1685,2.842534987
891,35.64,280.179,2.842434405
892,35.68,281.109,2.848513543
893,35.72,281.0935,2.848192858
894,35.76,281.0775,2.847978304
895,35.8,280.1365,2.841664448
896,35.84,280.1235,2.841548717
897,35.88,280.0915,2.841205201
898,35.92,278.2525,2.818382324
899,35.96,279.1845,2.824413339
900,36,279.203,2.824504426
901,36.04,280.1345,2.83044197
902,36.08,280.138,2.830303387
903,36.12,280.138,2.830159897
904,36.16,280.1285,2.829906554
905,36.2,280.1265,2.82989349
906,36.24,280.129,2.829945682
907,36.28,280.1285,2.829972302
908,36.32,280.1355,2.830167477
909,36.36,280.1265,2.830192377
910,36.4,279.195,2.824291212
911,36.44,279.171,2.824134394
912,36.48,278.205,2.817733363
913,36.52,277.235,2.811283157
914,36.56,277.2255,2.811114595
915,36.6,278.162,2.817108104
916,36.64,278.167,2.816974594
917,36.68,279.1225,2.823156334
918,36.72,279.1515,2.823375529
919,36.76,279.1595,2.82344565
920,36.8,279.1685,2.823623554
921,36.84,279.1735,2.823751523
922,36.88,279.1555,2.823598196
923,36.92,279.1275,2.823308086
924,36.96,279.1215,2.823114078
925,37,279.1355,2.823163842
926,37.04,280.0695,2.829240335
927,37.08,280.078,2.829397414
928,37.12,279.154,2.823421634
929,37.16,279.172,2.823717896
930,37.2,279.1715,2.8237742
931,37.24,279.155,2.823529412
932,37.28,279.162,2.823485801
933,37.32,280.093,2.829483441
934,37.36,280.1125,2.829706417
935,37.4,280.1105,2.829777019
936,37.44,280.123,2.830127661
937,37.48,280.1195,2.830110772
938,37.52,279.1725,2.823709249
939,37.56,280.087,2.8294562
940,37.6,280.1135,2.829629291
941,37.64,280.1245,2.829898355
942,37.68,280.159,2.830691772
943,37.72,279.216,2.824589377
944,37.76,279.179,2.824246266
945,37.8,278.1655,2.816988533
946,37.84,278.189,2.806146465
947,37.88,278.1895,2.805956245
948,37.92,278.204,2.806056239
949,37.96,278.204,2.806038652
950,38,278.218,2.806240931
951,38.04,279.1325,2.823096617
952,38.08,279.131,2.823205899
953,38.12,278.1785,2.817138732
954,38.16,278.1565,2.817000957
955,38.2,277.201,2.810723862
956,38.24,277.18,2.810450686
957,38.28,277.177,2.810413353
958,38.32,277.1825,2.81055571
959,38.36,277.191,2.810723594
960,38.4,277.2025,2.810922929
961,38.44,277.2045,2.810995149
962,38.48,277.216,2.811159023
963,38.52,277.208,2.811112672
964,38.56,276.254,2.804791366
965,38.6,276.2475,2.80472532
966,38.64,276.246,2.804615309
967,38.68,277.175,2.810311608
968,38.72,277.198,2.79933271
969,38.76,277.203,2.787898919
970,38.8,275.2695,2.742951125
971,38.84,274.2875,2.726017613
972,38.88,274.2745,2.725626329
973,38.92,273.3595,2.709939637
974,38.96,273.3485,2.709865481
975,39,274.266,2.725529425
976,39.04,274.2795,2.725793512
977,39.08,274.2815,2.725963565
978,39.12,274.2745,2.73616729
979,39.16,274.2875,2.736397965
980,39.2,274.2995,2.736627846
981,39.24,275.26,2.753343334
982,39.28,276.21,2.759585156
983,39.32,277.1885,2.776672831
984,39.36,278.1995,2.794615499
985,39.4,279.159,2.812291243
986,39.44,280.121,2.830120572
987,39.48,281.118,2.848597037
988,39.52,282.0835,2.866897202
989,39.56,283.091,2.885978295
990,39.6,286.983,2.962411105
991,39.64,288.875,2.988593339
992,39.68,288.9845,2.990429584
993,39.72,289.954,3.010072755
994,39.76,290.0375,3.011376679
995,39.8,291.899,3.037540006
996,39.84,291.944,3.038088855
997,39.88,292.916,3.058483313
998,39.92,292.9335,3.058794383
999,39.96,292.946,3.059193392
1000,40,293.876,3.079507501
1001,40.04,293.874,3.079706735
1002,40.08,294.8285,3.10086827
1003,40.12,295.781,3.122317335
1004,40.16,295.7985,3.122762763
1005,40.2,295.8415,3.137559925
1006,40.24,295.839,3.137634533
1007,40.28,295.8385,3.138001684
1008,40.32,295.828,3.138149859
1009,40.36,295.8175,3.138120329
1010,40.4,295.8045,3.138057274
1011,40.44,296.711,3.158761686
1012,40.48,296.72,3.158866435
1013,40.52,295.8345,3.138274112
1014,40.56,295.844,3.138195958
1015,40.6,295.8765,3.138423122
1016,40.64,296.759,3.144607569
1017,40.68,296.7665,3.144297605
1018,40.72,295.834,3.122720472
1019,40.76,295.8585,3.122782031
1020,40.8,295.808,3.107817883
1021,40.84,294.851,3.086465793
1022,40.88,294.825,3.071804277
1023,40.92,293.8535,3.050832257
1024,40.96,292.947,3.031342419
1025,41,292.878,3.030160089
1026,41.04,291.9005,3.023033714
1027,41.08,290.9645,3.003853239
1028,41.12,290.0315,2.997420852
1029,41.16,290.0135,2.997345032
1030,41.2,289.9835,2.997035267
1031,41.24,289.963,2.996708454
1032,41.28,289.926,2.995876431
1033,41.32,288.9925,2.976841623
1034,41.36,289.931,2.983010447
1035,41.4,288.9795,2.963155946
1036,41.44,288.969,2.950187279
1037,41.48,289.9265,2.956543598
1038,41.52,289.957,2.944076058
1039,41.56,290.9105,2.95044284
1040,41.6,290.9375,2.950708876
1041,41.64,290.9435,2.950755646
1042,41.68,291.9325,2.970426642
1043,41.72,292.889,2.98982292
1044,41.76,293.832,3.009265686
1045,41.8,292.886,3.002947462
1046,41.84,292.8645,3.002574465
1047,41.88,292.851,2.989443114
1048,41.92,291.898,2.970187132
1049,41.96,291.938,2.970583471
1050,42,293.841,2.996344848
1051,42.04,293.865,2.996602857
1052,42.08,293.8815,2.99689134
1053,42.12,294.782,3.015865309
1054,42.16,291.9285,2.983634405
1055,42.2,289.9275,2.969656311
1056,42.24,286.076,2.91819657
1057,42.28,284.1,2.880647403
1058,42.32,283.1315,2.873727714
1059,42.36,283.085,2.873240229
1060,42.4,282.136,2.855608537
1061,42.44,282.071,2.85480896
1062,42.48,282.039,2.854293707
1063,42.52,282.024,2.854018341
1064,42.56,282.024,2.854012247
1065,42.6,281.12,2.848124067
1066,42.64,281.103,2.847988009
1067,42.68,280.1775,2.830848551
1068,42.72,280.1635,2.83062548
1069,42.76,280.1075,2.829805233
1070,42.8,280.09,2.829427998
1071,42.84,279.191,2.812640197
1072,42.88,280.111,2.818530625
1073,42.92,280.1275,2.818702687
1074,42.96,281.0425,2.835475486
1075,43,281.0455,2.835567007
1076,43.04,280.119,2.818623887
1077,43.08,279.189,2.812403639
1078,43.12,279.143,2.81181686
1079,43.16,278.152,2.79404869
1080,43.2,275.2915,2.753901484
1081,43.24,275.2655,2.753484476
1082,43.28,274.2825,2.736580687
1083,43.32,274.276,2.736292189
1084,43.36,274.2535,2.736034359
1085,43.4,273.308,2.719907997
1086,43.44,272.3425,2.713654239
1087,43.48,272.331,2.713560314
1088,43.52,272.3185,2.713476271
1089,43.56,271.3405,2.707193618
1090,43.6,270.3715,2.700989937
1091,43.64,270.354,2.700933345
1092,43.68,269.398,2.694902671
1093,43.72,269.3795,2.694775617
1094,43.76,268.435,2.688780261
1095,43.8,267.483,2.673175263
1096,43.84,267.4625,2.67308366
1097,43.88,268.343,2.688127127
1098,43.92,267.4505,2.682581274
1099,43.96,267.451,2.682626763
1100,44,267.4475,2.682615329
1101,44.04,267.445,2.682594308
1102,44.08,267.4425,2.682562701
1103,44.12,267.4405,2.682555411
1104,44.16,267.441,2.682563849
1105,44.2,267.438,2.682550268
1106,44.24,267.4365,2.682577881
1107,44.28,267.439,2.682620075
1108,44.32,267.4395,2.682628514
1109,44.36,267.444,2.682656827
1110,44.4,267.4515,2.682719894
1111,44.44,267.454,2.682719743
1112,44.48,267.4575,2.682747057
1113,44.52,267.46,2.682773374
1114,44.56,267.463,2.682797542
1115,44.6,267.4685,2.682869205
1116,44.64,267.4725,2.682920844
1117,44.68,268.3635,2.688558835
1118,44.72,268.365,2.688573586
1119,44.76,268.369,2.688614692
1120,44.8,268.3655,2.688560795
1121,44.84,268.3665,2.68855115
1122,44.88,268.37,2.688583797
1123,44.92,268.3715,2.688593235
1124,44.96,268.3725,2.688604839
1125,45,268.375,2.688631194
1126,45.04,268.376,2.688605612
1127,45.08,268.378,2.688612883
1128,45.12,268.3795,2.688622321
1129,45.16,268.384,2.688666572
1130,45.2,268.3845,2.688685656
1131,45.24,268.3865,2.688719491
1132,45.28,268.387,2.688738576
1133,45.32,268.387,2.688722637
1134,45.36,268.3855,2.68873445
1135,45.4,268.3825,2.688710261
1136,45.44,268.3785,2.688653216
1137,45.48,268.374,2.688582403
1138,45.52,268.3745,2.688596174
1139,45.56,268.373,2.688592048
1140,45.6,268.3695,2.68855409
1141,45.64,268.3675,2.688530882
1142,45.68,268.3695,2.688559402
1143,45.72,268.3745,2.688612111
1144,45.76,268.3735,2.688531449
1145,45.8,268.384,2.688576264
1146,45.84,268.4035,2.688714888
1147,45.88,268.4035,2.68861927
1148,45.92,268.4125,2.688617462
1149,45.96,268.439,2.688757616
1150,46,269.3655,2.69463956
1151,46.04,269.3705,2.694649693
1152,46.08,269.3645,2.694601285
1153,46.12,267.5195,2.673450685
1154,46.16,267.469,2.673066758
1155,46.2,267.459,2.672988509
1156,46.24,267.4505,2.67288302
1157,46.28,267.4455,2.672794198
1158,46.32,267.463,2.672861802
1159,46.36,267.4975,2.673156071
1160,46.4,267.5195,2.673424515
1161,46.44,267.5205,2.673462175
1162,46.48,267.507,2.67334109
1163,46.52,267.492,2.673194928
1164,46.56,267.4825,2.673104108
1165,46.6,267.4765,2.673024719
1166,46.64,267.4765,2.673040416
1167,46.68,267.479,2.673071751
1168,46.72,267.481,2.673079028
1169,46.76,267.4815,2.673076923
1170,46.8,267.481,2.673094726
1171,46.84,267.482,2.673116679
1172,46.88,267.48,2.673104169
1173,46.92,267.479,2.673108379
1174,46.96,267.4755,2.673065556
1175,47,267.471,2.673026943
1176,47.04,267.4705,2.673013351
1177,47.08,267.472,2.673012269
1178,47.12,267.474,2.673019547
1179,47.16,267.4785,2.673052926
1180,47.2,267.472,2.672996572
1181,47.24,267.467,2.672949602
1182,47.28,267.4655,2.672934988
1183,47.32,267.4645,2.672933965
1184,47.36,267.4655,2.672950684
1185,47.4,267.4645,2.672939197
1186,47.44,267.475,2.673020569
1187,47.48,267.483,2.673081073
1188,47.52,267.492,2.673163531
1189,47.56,267.506,2.6732982
1190,47.6,267.5295,2.673502771
1191,47.64,269.358,2.694576384
1192,47.68,269.3755,2.694766445
1193,47.72,269.3935,2.694970334
1194,47.76,269.392,2.69501422
1195,47.8,269.39,2.695038964
1196,47.84,269.397,2.695147006
1197,47.88,269.4035,2.695219907
1198,47.92,269.3975,2.695166152
1199,47.96,269.3965,2.695143859
1200,48,269.4075,2.695314417
1201,48.04,269.397,2.695152339
1202,48.08,269.397,2.69512034
1203,48.12,269.402,2.695125136
1204,48.16,269.4055,2.695131159
1205,48.2,269.418,2.695263145
1206,48.24,269.435,2.69541812
1207,48.28,270.357,2.701139517
1208,48.32,270.362,2.701085349
1209,48.36,270.3585,2.701004464
1210,48.4,270.3555,2.700889276
1211,48.44,270.353,2.700841446
1212,48.48,270.3575,2.700875107
1213,48.52,270.3655,2.700925437
1214,48.56,270.376,2.701018248
1215,48.6,271.3265,2.707046463
1216,48.64,271.337,2.707117893
1217,48.68,271.3415,2.707130094
1218,48.72,271.3505,2.707202829
1219,48.76,272.297,2.713157737
1220,48.8,272.3075,2.713229188
1221,48.84,272.323,2.713332096
1222,48.88,273.274,2.71933158
1223,48.92,273.2845,2.719386824
1224,48.96,273.29,2.719399792
1225,49,273.3005,2.719530763
1226,49.04,273.3065,2.719595562
1227,49.08,273.304,2.719563603
1228,49.12,273.307,2.719593298
1229,49.16,273.312,2.719624757
1230,49.2,273.309,2.719546377
1231,49.24,274.2395,2.72538984
1232,49.28,274.2285,2.72521209
1233,49.32,272.3875,2.703880823
1234,49.36,272.375,2.703674746
1235,49.4,272.374,2.703657835
1236,49.44,272.3745,2.703671618
1237,49.48,272.3685,2.703602122
1238,49.52,272.352,2.703419009
1239,49.56,272.327,2.703198732
1240,49.6,272.3505,2.703558796
1241,49.64,273.2705,2.71921221
1242,49.68,272.2985,2.713107896
1243,49.72,271.336,2.707004206
1244,49.76,270.428,2.691628743
1245,49.8,271.363,2.697222717
1246,49.84,272.318,2.703073209
1247,49.88,272.3555,2.703323713
1248,49.92,273.2935,2.709259491
1249,49.96,273.308,2.709376906
1250,50,273.313,2.709290581
1251,50.04,273.302,2.709104212
1252,50.08,273.317,2.709128542
1253,50.12,274.2235,2.714759613
1254,50.16,274.232,2.714769874
1255,50.2,274.237,2.714827946
1256,50.24,274.24,2.71486279
1257,50.28,274.2275,2.714859689
1258,50.32,273.3005,2.709121552
1259,50.36,273.301,2.709247602
1260,50.4,273.313,2.709370759
1261,50.44,273.32,2.709435921
1262,50.48,273.336,2.709573413
1263,50.52,273.334,2.709555558
1264,50.56,273.3315,2.709507846
1265,50.6,273.3405,2.709617598
1266,50.64,273.361,2.709890192
1267,50.68,274.276,2.725538059
1268,50.72,274.2965,2.725933057
1269,50.76,274.299,2.726095411
1270,50.8,274.3005,2.726180887
1271,50.84,275.2265,2.742276199
1272,50.88,275.237,2.742590869
1273,50.92,275.25,2.74281662
1274,50.96,276.2005,2.759429365
1275,51,276.2265,2.759830405
1276,51.04,278.18,2.794316086
1277,51.08,280.085,2.817960543
1278,51.12,281.058,2.835618675
1279,51.16,281.1145,2.836263517
1280,51.2,281.167,2.837248509
1281,51.24,282.129,2.854903714
1282,51.28,283.087,2.861802039
1283,51.32,283.1225,2.862347845
1284,51.36,284.0795,2.880306325
1285,51.4,287.008,2.936881034
1286,51.44,288.047,2.957286475
1287,51.48,289.964,2.99604871
1288,51.52,290.941,3.003387858
1289,51.56,290.989,3.004353262
1290,51.6,291.902,3.02341573
1291,51.64,291.929,3.023988713
1292,51.68,291.959,3.024617817
1293,51.72,291.967,3.024855834
1294,51.76,292.889,3.044272124
1295,51.8,292.9015,3.044537748
1296,51.84,292.9255,3.044976491
1297,51.88,293.891,3.065327922
1298,51.92,293.907,3.065636333
1299,51.96,293.9145,3.065790676
1300,52,293.9315,3.066106204
1301,52.04,294.843,3.072331243
1302,52.08,293.8935,3.065294692
1303,52.12,292.9365,3.044774921
1304,52.16,293.8455,3.050776425
1305,52.2,292.9405,3.031543871
1306,52.24,291.9835,3.024738572
1307,52.28,291.965,3.024497975
1308,52.32,291.939,3.024015946
1309,52.36,291.901,3.023556081
1310,52.4,290.937,3.016579736
1311,52.44,289.9695,2.997103895
1312,52.48,288.9935,2.990025547
1313,52.52,288.885,2.98879224
1314,52.56,286.049,2.956606348
1315,52.6,285.0475,2.949462619
1316,52.64,284.0325,2.929444092
1317,52.68,282.1035,2.903815006
1318,52.72,281.1415,2.885008649
1319,52.76,281.1205,2.872613608
1320,52.8,280.17,2.854589143
1321,52.84,280.178,2.854316821
1322,52.88,281.1395,2.860544915
1323,52.92,282.0765,2.866739684
1324,52.96,282.092,2.866922568
1325,53,282.1065,2.867092671
1326,53.04,282.11,2.867072586
1327,53.08,282.102,2.866766368
1328,53.12,282.112,2.855407978
1329,53.16,282.079,2.854593271
1330,53.2,281.1725,2.837518584
1331,53.24,281.1585,2.837114938
1332,53.28,281.1645,2.837124133
1333,53.32,281.165,2.837097391
1334,53.36,281.1515,2.836997181
1335,53.4,281.133,2.836888307
1336,53.44,281.1175,2.836805034
1337,53.48,280.164,2.830287906
1338,53.52,280.1185,2.829709754
1339,53.56,279.1795,2.812559649
1340,53.6,279.175,2.812265697
1341,53.64,279.172,2.812063896
1342,53.68,279.1335,2.80068703
1343,53.72,279.101,2.800099969
1344,53.76,279.105,2.800125768
1345,53.8,280.069,2.817738706
1346,53.84,279.1705,2.812271779
1347,53.88,280.079,2.829362125
1348,53.92,278.1985,2.81741184
1349,53.96,277.242,2.811382146
1350,54,276.2505,2.804691864
1351,54.04,276.2285,2.804477412
1352,54.08,276.2205,2.804307284
1353,54.12,276.205,2.803976252
1354,54.16,275.291,2.787325352
1355,54.2,275.281,2.787068985
1356,54.24,276.2195,2.79301022
1357,54.28,276.2295,2.792964566
1358,54.32,277.1895,2.799230819
1359,54.36,277.2155,2.799539754
1360,54.4,277.2205,2.799770825
1361,54.44,276.258,2.793562838
1362,54.48,276.2255,2.793119006
1363,54.52,276.2185,2.792858256
1364,54.56,277.1855,2.799105593
1365,54.6,277.2155,2.799469666
1366,54.64,277.2345,2.799838346
1367,54.68,277.23,2.799885085
1368,54.72,277.214,2.799728626
1369,54.76,277.206,2.799577381
1370,54.8,277.1865,2.799135438
1371,54.84,277.191,2.799077067
1372,54.88,278.1485,2.805297472
1373,54.92,278.158,2.805341554
1374,54.96,279.1135,2.811666542
1375,55,279.131,2.811950665
1376,55.04,278.2245,2.806300721
1377,55.08,278.212,2.806254748
1378,55.12,278.1845,2.805994131
1379,55.16,277.222,2.799681251
1380,55.2,277.184,2.799107534
1381,55.24,276.219,2.792710233
1382,55.28,276.2315,2.782012244
1383,55.32,276.2565,2.782219513
1384,55.36,277.204,2.788268688
1385,55.4,276.252,2.770948324
1386,55.44,278.149,2.794029341
1387,55.48,278.183,2.794561154
1388,55.52,279.1245,2.811626232
1389,55.56,279.116,2.811635733
1390,55.6,278.164,2.805304336
1391,55.64,276.2325,2.77059063
1392,55.68,276.217,2.759736247
1393,55.72,277.1865,2.776756812
1394,55.76,278.1715,2.794377
1395,55.8,279.1095,2.811499482
1396,55.84,278.177,2.805429717
1397,55.88,277.2205,2.788202093
1398,55.92,276.2305,2.770481349
1399,55.96,276.2095,2.759604389
1400,56,276.2255,2.759852064
1401,56.04,278.1575,2.794292478
1402,56.08,278.182,2.805596934
1403,56.12,278.157,2.80531163
1404,56.16,276.2375,2.770883751
1405,56.2,275.2345,2.753197656
1406,56.24,273.336,2.720111261
1407,56.28,273.3195,2.719893781
1408,56.32,274.247,2.725561876
1409,56.36,274.2345,2.725342099
1410,56.4,274.2265,2.72513439
1411,56.44,273.3255,2.709716262
1412,56.48,273.3145,2.70952448
1413,56.52,273.29,2.709200186
1414,56.56,272.3375,2.70304605
1415,56.6,272.318,2.70299333
1416,56.64,271.338,2.696721465
1417,56.68,270.362,2.690565519
1418,56.72,269.3765,2.684292632
1419,56.76,268.4115,2.678237926
1420,56.8,268.371,2.677848321
1421,56.84,268.366,2.677748881
1422,56.88,268.3695,2.677702587
1423,56.92,268.382,2.677822685
1424,56.96,268.3945,2.67795328
1425,57,269.3225,2.683676021
1426,57.04,269.328,2.683694616
1427,57.08,269.335,2.683743639
1428,57.12,268.4435,2.668853937
1429,57.16,268.429,2.66867043
1430,57.2,268.416,2.668496267
1431,57.24,268.4065,2.668369805
1432,57.28,268.4215,2.668504527
1433,57.32,268.4325,2.668661068
1434,57.36,268.4435,2.668822813
1435,57.4,269.3495,2.683829022
1436,57.44,269.357,2.683933807
1437,57.48,269.3705,2.684086639
1438,57.52,269.381,2.684278645
1439,57.56,269.391,2.68445702
1440,57.6,269.4075,2.684665531
1441,57.64,270.355,2.69070147
1442,57.68,269.4365,2.685152466
1443,57.72,269.447,2.685313001
1444,57.76,270.4005,2.691435559
1445,57.8,271.3145,2.706874316
1446,57.84,271.3365,2.707184563
1447,57.88,271.362,2.70752764
1448,57.92,271.3785,2.70776579
1449,57.96,272.3285,2.723930885
1450,58,272.342,2.724201896
1451,58.04,272.3445,2.724245014
1452,58.08,274.262,2.747041943
1453,58.12,275.245,2.764221389
1454,58.16,276.2225,2.770674077
1455,58.2,277.2205,2.788184791
1456,58.24,279.1175,2.811586678
1457,58.28,279.1605,2.812100991
1458,58.32,279.2045,2.812745499
1459,58.36,281.045,2.83564167
1460,58.4,281.0945,2.836396777
1461,58.44,281.1305,2.836979995
1462,58.48,282.0555,2.854164475
1463,58.52,282.095,2.854747244
1464,58.56,282.112,2.855121258
1465,58.6,282.144,2.855734384
1466,58.64,283.049,2.872995811
1467,58.68,283.062,2.873304964
1468,58.72,283.082,2.873703928
1469,58.76,284.0205,2.891836714
1470,58.8,284.091,2.904778188
1471,58.84,285.059,2.92379307
1472,58.88,286.955,2.949641094
1473,58.92,287.0155,2.962888368
1474,58.96,287.947,2.982157301
1475,59,287.9325,2.982057486
1476,59.04,287.922,2.982053427
1477,59.08,287.0305,2.976508219
1478,59.12,287.036,2.976804727
1479,59.16,287.0615,2.977279928
1480,59.2,287.968,2.995945286
1481,59.24,287.983,2.996367506
1482,59.28,287.998,2.996665269
1483,59.32,287.981,2.996588936
1484,59.36,286.0665,2.983377475
1485,59.4,286.055,2.983627815
1486,59.44,285.111,2.977328525
1487,59.48,285.1155,2.977400875
1488,59.52,285.129,2.977487646
1489,59.56,286.0445,2.996430017
1490,59.6,286.9975,3.002990554
1491,59.64,286.0945,2.984135626
1492,59.68,287.0405,2.99053071
1493,59.72,286.0595,2.983322067
1494,59.76,286.994,2.989242616
1495,59.8,287.9565,2.995837911
1496,59.84,288.908,3.002328708
1497,59.88,288.94,3.002508854
1498,59.92,289.863,3.008884854
1499,59.96,288.9785,2.990449951
1500,60,288.9665,2.990058882
