X,Pitch,Smooth
0,213.537,1.684378365
1,213.549,1.680207169
2,213.56,1.68025304
3,215.475,1.690574092
4,213.543,1.684388821
5,160.691,1.528361134
6,160.696,1.528368888
7,209.636,1.667704999
8,160.72,1.5284339
9,166.506,1.533691893
10,168.474,1.539972116
11,168.539,1.540230659
12,170.463,1.549806155
13,170.471,1.54640768
14,170.464,1.549798741
15,170.463,1.546352267
16,170.472,1.546410885
17,172.419,1.552616144
18,170.457,1.546327783
19,170.458,1.546348499
20,170.446,1.546294278
21,170.46,1.546351407
22,168.515,1.540122566
23,172.422,1.552625759
24,168.532,1.536835533
25,170.483,1.54644264
26,207.659,1.665565185
27,203.759,1.645009038
28,#VALUE!,#VALUE!
29,205.671,1.64700627
30,203.766,1.641029594
31,205.702,1.647109898
32,205.714,1.647194475
33,164.605,1.521060196
34,207.677,1.657384605
35,205.712,1.647194292
36,205.707,1.647176525
37,207.616,1.657137431
38,203.779,1.64110276
39,166.569,1.524027647
40,166.564,1.524016863
41,166.545,1.527159583
42,166.533,1.527119932
43,166.555,1.52721293
44,166.549,1.527178919
45,164.611,1.517888941
46,162.665,1.511750456
47,164.595,1.517812537
48,164.601,1.51782001
49,164.58,1.517731143
50,205.664,1.646963896
51,203.754,1.640967646
52,203.747,1.640949658
53,205.7,1.647138215
54,205.696,1.647121559
55,164.602,1.517862255
56,205.683,1.647066411
57,205.738,1.647261836
58,207.683,1.657389031
59,209.624,1.66352037
60,209.613,1.663475052
61,207.676,1.657331502
62,207.691,1.657426839
63,207.666,1.657333139
64,207.688,1.657442316
65,207.669,1.657346797
66,207.669,1.657342635
67,207.669,1.657344716
68,207.658,1.657301575
69,205.729,1.647247776
70,205.736,1.647249435
71,205.72,1.647178739
72,205.74,1.647280347
73,205.725,1.647210757
74,205.732,1.64724296
75,211.58,1.678123638
76,211.582,1.678162651
77,211.595,1.678217362
78,213.515,1.68862034
79,213.507,1.688607864
80,213.512,1.688606223
81,213.511,1.68860744
82,213.538,1.688725617
83,213.537,1.688715727
84,213.542,1.688698535
85,213.533,1.68439406
86,211.605,1.678216806
87,209.656,1.667804859
88,209.645,1.667763441
89,209.662,1.667809081
90,209.64,1.667711359
91,209.62,1.667626394
92,207.692,1.657457059
93,209.62,1.667622142
94,209.637,1.667720944
95,211.571,1.67807306
96,209.638,1.667736891
97,209.631,1.667725228
98,211.626,1.678312376
99,213.552,1.684487865
100,209.612,1.667628557
101,207.676,1.661489654
102,209.604,1.66758394
103,209.626,1.667707175
104,211.555,1.678039165
105,#VALUE!,#VALUE!
106,211.574,1.682355901
107,211.594,1.678214156
108,211.577,1.678148799
109,209.652,1.671991692
110,211.567,1.678088492
111,211.566,1.678059208
112,209.61,1.667649832
113,211.581,1.67816162
114,211.567,1.682342127
115,#VALUE!,#VALUE!
116,211.577,1.678144451
117,209.65,1.671983128
118,211.568,1.678091697
119,211.585,1.678141837
120,211.594,1.678175029
121,211.624,1.678305966
122,211.586,1.678132001
123,213.524,1.680073382
124,211.566,1.673835011
125,211.588,1.673948011
126,209.646,1.667758118
127,209.642,1.667724109
128,209.637,1.667691171
129,209.629,1.663584507
130,209.64,1.667711359
131,209.665,1.667833527
132,209.627,1.66767208
133,207.712,1.657524533
134,209.638,1.663606694
135,209.661,1.66370051
136,209.618,1.663497178
137,209.637,1.663588825
138,209.644,1.663644594
139,211.56,1.673803025
140,209.651,1.663660451
141,209.638,1.663594091
142,209.644,1.663638292
143,209.646,1.667726216
144,209.631,1.663580335
145,209.63,1.663545663
146,209.621,1.663519275
147,209.634,1.663558324
148,209.604,1.663452864
149,207.667,1.657309257
150,209.599,1.663428638
151,209.595,1.663413878
152,209.634,1.663598234
153,209.619,1.663531847
154,207.672,1.65334424
155,205.744,1.647260349
156,207.66,1.653283879
157,207.671,1.653334927
158,207.677,1.653353803
159,209.614,1.663474017
160,209.593,1.663399148
161,207.675,1.653359844
162,207.68,1.657354566
163,207.689,1.657405942
164,207.701,1.657456412
165,170.464,1.53957964
166,209.649,1.667744278
167,211.589,1.678122055
168,211.596,1.673979933
169,213.521,1.680059495
170,215.488,1.686339647
171,213.532,1.680096696
172,213.543,1.680144729
173,213.542,1.680137211
174,168.506,1.533393688
175,211.603,1.669822639
176,211.583,1.669759329
177,209.667,1.663706897
178,211.577,1.673859315
179,209.657,1.663666839
180,211.576,1.67385613
181,209.653,1.663654177
182,209.661,1.663683702
183,209.658,1.663674206
184,211.58,1.673862431
185,209.649,1.663637313
186,209.616,1.663497148
187,168.516,1.533418588
188,168.517,1.533442016
189,207.707,1.653452295
190,209.627,1.659488522
191,209.63,1.66352676
192,207.7,1.653434384
193,209.616,1.659410351
194,207.689,1.649421837
195,209.615,1.659388536
196,207.69,1.649418872
197,207.688,1.649396374
198,207.695,1.649442629
199,207.658,1.653226212
200,205.726,1.643259604
201,207.639,1.65316028
202,205.73,1.647191874
203,207.653,1.653226923
204,207.678,1.653340506
205,207.665,1.653270837
206,207.664,1.653265636
207,207.686,1.65337184
208,207.678,1.653332285
209,207.668,1.653284385
210,207.672,1.653305188
211,207.689,1.653373056
212,209.625,1.659471856
213,209.641,1.659520117
214,209.633,1.659507398
215,209.634,1.659510544
216,209.65,1.65957748
217,211.583,1.66972329
218,211.607,1.669835301
219,211.595,1.669797315
220,211.594,1.66979627
221,209.646,1.663617314
222,209.628,1.663554035
223,209.642,1.66359625
224,209.644,1.663587877
225,211.597,1.669784564
226,213.544,1.675943277
227,213.522,1.675843689
228,213.557,1.676001545
229,213.542,1.675939086
230,213.553,1.675980324
231,213.52,1.675839498
232,211.581,1.66970424
233,209.626,1.659462554
234,209.645,1.659551375
235,209.654,1.659585914
236,215.486,1.682083926
237,217.465,1.688402586
238,215.503,1.682185242
239,219.406,1.703188298
240,217.45,1.692582094
241,217.45,1.692582094
242,215.511,1.682214885
243,215.5,1.682151992
244,215.515,1.682227547
245,217.448,1.692606607
246,217.47,1.692692125
247,217.458,1.696956197
248,219.4,1.70318259
249,219.428,1.703281347
250,219.434,1.698965729
251,219.411,1.698865754
252,219.412,1.698880069
253,217.47,1.692672268
254,219.398,1.698802088
255,219.404,1.698827876
256,219.435,1.698962235
257,217.486,1.692754122
258,221.367,1.709491423
259,219.434,1.703314103
260,219.437,1.703334989
261,217.465,1.692685024
262,217.458,1.69264949
263,217.449,1.692607586
264,217.444,1.692580631
265,213.557,1.676029364
266,213.563,1.676039797
267,213.526,1.675862768
268,213.535,1.67590837
269,213.539,1.67592745
270,213.54,1.675904942
271,213.559,1.676003596
272,213.527,1.675857376
273,213.534,1.675892368
274,213.543,1.675931553
275,213.533,1.675897761
276,213.544,1.675930439
277,215.494,1.682107089
278,215.491,1.682088957
279,211.615,1.66575745
280,215.504,1.682147379
281,217.466,1.688375244
282,217.484,1.688464911
283,217.452,1.688339643
284,217.447,1.688304206
285,215.507,1.682156875
286,217.462,1.688369119
287,217.436,1.68824978
288,215.498,1.682106796
289,213.574,1.671922732
290,217.444,1.68829471
291,217.461,1.688387744
292,215.476,1.682026366
293,215.486,1.682068813
294,217.45,1.688302809
295,217.475,1.688432062
296,217.455,1.688351319
297,217.454,1.692594834
298,215.508,1.682203229
299,215.506,1.682194738
300,223.343,1.715854421
301,227.258,1.732965009
302,229.199,1.739232382
303,225.307,1.722170226
304,225.322,1.722232194
305,225.297,1.722154376
306,223.329,1.715825609
307,221.396,1.709609387
308,223.335,1.715837957
309,223.302,1.71567025
310,219.449,1.699011282
311,219.448,1.699010324
312,221.371,1.709476957
313,223.301,1.715671632
314,221.377,1.7095212
315,223.329,1.715777429
316,223.323,1.715774258
317,223.335,1.715780601
318,223.334,1.71576822
319,225.29,1.722081019
320,227.268,1.733020904
321,225.296,1.722111822
322,172.421,1.552629639
323,221.393,1.705199016
324,219.44,1.698984841
325,219.432,1.698932643
326,219.444,1.698981997
327,221.362,1.705071077
328,221.368,1.705099171
329,221.348,1.704999538
330,219.426,1.698886819
331,221.361,1.705056663
332,221.362,1.705057602
333,219.416,1.698837161
334,219.405,1.698835513
335,217.473,1.692681824
336,217.438,1.692519611
337,217.454,1.692583804
338,217.461,1.688372491
339,217.482,1.688452042
340,217.451,1.688308153
341,219.404,1.698787813
342,172.424,1.552648111
343,168.507,1.540102118
344,168.485,1.543438644
345,168.501,1.540096736
346,170.444,1.549723597
347,219.401,1.698776033
348,219.409,1.698812641
349,170.469,1.546376751
350,170.459,1.546353456
351,168.511,1.536758382
352,168.509,1.54011026
353,168.477,1.539981731
354,168.482,1.539999487
355,166.551,1.530508431
356,166.545,1.530479182
357,164.618,1.52113929
358,164.62,1.521135723
359,164.627,1.521164482
360,166.548,1.530505635
361,166.546,1.530499264
362,166.555,1.530517793
363,166.572,1.530587152
364,215.493,1.682086652
365,215.527,1.678073443
366,215.535,1.678102879
367,215.521,1.678031101
368,215.528,1.67805739
369,215.516,1.678019638
370,215.528,1.678080856
371,217.456,1.68830655
372,217.459,1.688313867
373,215.52,1.678023689
374,215.486,1.677891134
375,164.628,1.5211495
376,166.531,1.527111933
377,211.578,1.665597071
378,162.668,1.508631553
379,162.641,1.508516918
380,162.646,1.508540501
381,162.655,1.508575002
382,162.629,1.508457142
383,160.688,1.502401201
384,162.62,1.508414698
385,164.569,1.514512871
386,164.6,1.511521668
387,164.594,1.511495074
388,166.531,1.520650176
389,164.602,1.514682017
390,162.669,1.508648993
391,207.663,1.653248105
392,205.747,1.643343371
393,166.55,1.523962928
394,207.655,1.653229104
395,168.505,1.530091639
396,207.67,1.653274236
397,207.689,1.653364834
398,211.577,1.665583455
399,211.58,1.665603362
400,207.676,1.649352761
401,205.696,1.643099443
402,205.713,1.643202867
403,207.654,1.653228014
404,207.663,1.653285096
405,207.67,1.653329726
406,205.728,1.647183546
407,205.715,1.64714265
408,203.798,1.637241138
409,207.671,1.653291767
410,162.638,1.508496409
411,207.7,1.65342205
412,166.576,1.524059561
413,168.497,1.536681308
414,168.527,1.536809347
415,211.594,1.678172856
416,170.46,1.549819533
417,170.458,1.546332739
418,211.612,1.678271851
419,211.582,1.678160477
420,211.584,1.678116897
421,211.612,1.678241416
422,166.547,1.527187607
423,164.589,1.520989757
424,164.608,1.517882762
425,164.599,1.5178463
426,207.677,1.653331194
427,205.73,1.643292225
428,203.772,1.637143902
429,203.776,1.637152425
430,203.772,1.637137926
431,203.759,1.637095286
432,205.704,1.647095832
433,205.721,1.647175777
434,207.673,1.657359458
435,207.683,1.657422326
436,207.676,1.657375197
437,207.663,1.65731324
438,205.716,1.647149868
439,205.728,1.647197798
440,205.725,1.647184288
441,205.681,1.647009233
442,205.716,1.647137653
443,205.729,1.64721316
444,205.714,1.647165971
445,205.712,1.647153571
446,205.715,1.647156901
447,205.714,1.647174115
448,205.695,1.647087876
449,205.706,1.647134696
450,162.616,1.541614625
451,162.599,1.541558005
452,164.536,1.551558608
453,162.633,1.54168568
454,162.614,1.541571889
455,207.672,1.657406235
456,162.638,1.541655426
457,162.57,1.537906938
458,207.687,1.657403773
459,207.684,1.657369307
460,168.51,1.53673639
461,209.611,1.663468721
462,209.621,1.663521376
463,209.625,1.663534037
464,209.606,1.663438195
465,168.501,1.543516547
466,170.47,1.549855335
467,164.582,1.544618246
468,209.622,1.667651902
469,211.574,1.678084848
470,209.638,1.667741144
471,166.505,1.558175943
472,164.582,1.54819552
473,213.526,1.688673586
474,213.562,1.688798581
475,211.623,1.678307109
476,172.42,1.563278134
477,211.621,1.67828548
478,211.606,1.678206969
479,213.536,1.684421225
480,213.547,1.688736873
481,213.532,1.688681832
482,211.605,1.678253762
483,172.425,1.559696042
484,211.569,1.678094902
485,211.572,1.673886316
486,211.551,1.673778653
487,209.65,1.667783621
488,211.568,1.678080831
489,211.592,1.67820992
490,209.628,1.667719926
491,209.616,1.667654057
492,207.668,1.657387329
493,209.603,1.66758926
494,209.622,1.667637017
495,209.616,1.667624286
496,209.595,1.667565906
497,209.598,1.667603104
498,170.477,1.549881461
499,170.424,1.553172014
500,209.633,1.667731599
501,209.637,1.667729452
502,209.634,1.667696502
503,209.628,1.667679518
504,209.642,1.667756012
505,168.47,1.543383252
506,209.666,1.667836712
507,209.654,1.667781473
508,209.651,1.667746395
509,209.63,1.667732678
510,209.632,1.671875901
511,209.625,1.667716751
512,209.63,1.667736931
513,209.644,1.667741114
514,168.489,1.540042693
515,213.541,1.684395572
516,213.56,1.684471823
517,213.562,1.684476039
518,213.557,1.684473176
519,213.544,1.684392026
520,213.544,1.684392026
521,211.587,1.673919067
522,211.579,1.673906465
523,211.579,1.673876416
524,209.646,1.663627817
525,207.677,1.653347637
526,207.696,1.65343619
527,207.678,1.653340506
528,207.672,1.653319575
529,207.646,1.653202848
530,207.687,1.653393486
531,176.338,1.57238102
532,174.356,1.569541443
533,174.356,1.569561908
534,174.377,1.566004726
535,209.662,1.663699474
536,209.645,1.663643558
537,174.365,1.569589447
538,176.305,1.575891005
539,176.325,1.572314673
540,207.684,1.653336773
541,207.676,1.653328048
542,207.699,1.653412737
543,207.698,1.653399314
544,207.656,1.653224031
545,205.73,1.643300271
546,205.715,1.6432413
547,207.637,1.653158098
548,205.735,1.647215747
549,207.661,1.653295246
550,205.72,1.647178739
551,174.351,1.569513948
552,172.373,1.563060209
553,172.421,1.559670341
554,170.467,1.553336731
555,170.467,1.553340323
556,172.433,1.556188836
557,174.361,1.565927075
558,174.372,1.56598666
559,176.312,1.575921395
560,174.386,1.5660468
561,176.326,1.572314204
562,174.387,1.56606107
563,172.398,1.563178664
564,172.391,1.56314108
565,172.407,1.563198866
566,172.409,1.56319988
567,172.403,1.563172921
568,172.399,1.563178252
569,172.418,1.559666053
570,172.39,1.563132295
571,172.388,1.563123922
572,207.656,1.657272359
573,207.646,1.657255269
574,207.646,1.657242787
575,207.647,1.657245952
576,205.735,1.647264616
577,174.333,1.573130118
578,176.341,1.572392616
579,205.728,1.64719169
580,176.335,1.572361993
581,207.665,1.653320162
582,205.747,1.647271824
583,207.654,1.653244453
584,205.736,1.647218893
585,176.331,1.57602109
586,205.752,1.647299772
587,207.651,1.653232961
588,207.641,1.653180955
589,207.632,1.653146479
590,207.666,1.653284258
591,207.686,1.653384173
592,207.686,1.653384173
593,207.667,1.653326454
594,207.664,1.653317016
595,207.673,1.653357663
596,207.652,1.653246381
597,207.653,1.653245417
598,207.637,1.653170426
599,207.637,1.653172481
600,174.331,1.573121659
601,168.526,1.557687789
602,172.406,1.563197439
603,203.733,1.640913681
604,203.745,1.640965546
605,203.753,1.641010879
606,205.705,1.647153945
607,205.719,1.647206134
608,205.727,1.64720076
609,205.767,1.647373438
610,209.607,1.663472861
611,172.408,1.559628144
612,209.592,1.663406482
613,205.732,1.647224634
614,205.72,1.647186883
615,203.797,1.637257937
616,205.729,1.647209088
617,170.474,1.549850502
618,170.476,1.549888878
619,170.471,1.549849693
620,172.412,1.556090607
621,170.442,1.549745515
622,168.502,1.543500489
623,170.423,1.553170564
624,172.415,1.552601553
625,168.519,1.540150969
626,209.635,1.667674168
627,168.511,1.536760092
628,168.521,1.536788525
629,207.679,1.653384762
630,207.691,1.657414354
631,207.679,1.657355562
632,209.61,1.663492857
633,209.635,1.663616104
634,209.635,1.663611903
635,209.623,1.663540308
636,209.638,1.663608795
637,209.639,1.663584653
638,170.484,1.543042982
639,211.586,1.669749745
640,172.405,1.559602058
641,211.6,1.669827985
642,209.639,1.663580452
643,170.423,1.553166973
644,209.64,1.663592019
645,209.614,1.66351182
646,207.661,1.65730899
647,207.664,1.657326809
648,207.641,1.657224881
649,207.646,1.657271913
650,172.415,1.563245239
651,166.547,1.554714744
652,166.52,1.554587872
653,166.524,1.554599347
654,172.415,1.559650865
655,205.739,1.651278886
656,207.646,1.657292719
657,207.651,1.657300223
658,207.667,1.657382083
659,207.639,1.657264319
660,170.444,1.575192778
661,207.647,1.661361472
662,207.632,1.661296847
663,205.733,1.651268139
664,178.274,1.58608061
665,209.603,1.667608397
666,174.382,1.566041166
667,174.394,1.566087467
668,209.604,1.667622215
669,209.598,1.667575461
670,209.6,1.667579705
671,174.357,1.569550291
672,209.606,1.667615826
673,209.593,1.667546779
674,209.583,1.667521308
675,207.652,1.653252547
676,209.605,1.66344553
677,207.697,1.657439589
678,209.617,1.663500313
679,207.677,1.653355859
680,207.671,1.65332465
681,207.678,1.657339913
682,209.628,1.663583442
683,209.631,1.663576134
684,209.63,1.663593974
685,209.634,1.667670983
686,209.624,1.663543474
687,209.612,1.663480287
688,207.688,1.653384298
689,207.707,1.653454351
690,207.708,1.65346572
691,209.632,1.66352889
692,211.571,1.669693785
693,170.473,1.54298373
694,170.458,1.542916931
695,168.509,1.54013796
696,217.483,1.692746773
697,213.543,1.671795614
698,211.593,1.661596138
699,219.449,1.690412519
700,225.276,1.717546894
701,223.305,1.706835865
702,221.399,1.70520465
703,213.573,1.667826756
704,205.712,1.643159521
705,199.824,1.620949398
706,205.684,1.647014599
707,203.732,1.640878277
708,223.344,1.711408968
709,199.837,1.628675245
710,195.871,1.612336069
711,195.89,1.608682953
712,199.801,1.62465141
713,193.947,1.599060392
714,190.077,1.594352809
715,192.022,1.604104926
716,190.036,1.597826839
717,190.032,1.628784896
718,178.272,1.574991211
719,176.343,1.576056527
720,176.312,1.575930802
721,186.059,1.640590947
722,188.046,1.651826227
723,199.851,1.727296878
724,193.922,1.686124104
725,197.88,1.709972553
726,197.828,1.709813996
727,189.986,1.667606069
728,186.072,1.644947956
729,184.092,1.633735761
730,188.043,1.651901696
731,188.026,1.656178568
732,188.008,1.651685471
733,182.253,1.62756056
734,186.14,1.649701048
735,192.008,1.679417
736,201.797,1.734456265
737,201.836,1.729373927
738,205.676,1.743180693
739,195.932,1.674590113
740,193.961,1.663307286
741,190.035,1.64130167
742,201.761,1.7290265
743,201.834,1.734601624
744,203.774,1.74689548
745,205.692,1.753961476
746,205.711,1.748671607
747,203.763,1.741555001
748,203.721,1.741332004
749,203.78,1.741603374
750,#VALUE!,#VALUE!
751,176.314,1.544563905
752,174.362,1.535314182
753,178.316,1.564437607
754,186.121,1.604094788
755,178.273,1.567788189
756,172.454,1.539227121
757,172.414,1.539053169
758,184.13,1.601480426
759,201.798,1.70913557
760,190.04,1.624839713
761,180.23,1.584991399
762,184.16,1.609373552
763,197.856,1.681176884
764,180.229,1.581291989
765,191.968,1.647809566
766,203.732,1.730974156
767,207.67,1.755779253
768,203.807,1.741790719
769,205.724,1.748699845
770,191.999,1.674691555
771,188.071,1.665474219
772,193.933,1.700797161
773,195.915,1.702950083
774,195.905,1.702911681
775,193.988,1.681712117
776,195.9,1.688365948
777,195.909,1.674503958
778,201.794,1.694758514
779,199.828,1.669936536
780,205.684,1.689529863
781,207.668,1.691652595
782,211.57,1.700055258
783,207.668,1.682745606
784,205.7,1.676264338
785,211.602,1.704762095
786,215.517,1.717810966
787,209.64,1.684833953
788,209.616,1.707380698
789,201.802,1.667776307
790,229.193,1.822337994
791,195.895,1.620066091
792,193.961,1.606435133
793,191.995,1.600275133
794,193.927,1.613834842
795,195.944,1.624130825
796,199.835,1.640494742
797,197.898,1.626453774
798,#VALUE!,#VALUE!
799,199.803,1.624688911
800,195.938,1.608917245
801,197.879,1.622517452
802,195.922,1.612597007
803,#VALUE!,#VALUE!
804,#VALUE!,#VALUE!
805,193.966,1.595506515
806,190.038,1.5799765
807,195.894,1.60141655
808,193.959,1.591923119
809,191.975,1.58240248
810,197.854,1.607460079
811,203.713,1.633004888
812,197.866,1.611144572
813,193.924,1.591821725
814,195.91,1.601485984
815,201.785,1.627056809
816,199.836,1.617234989
817,205.702,1.639199284
818,205.688,1.639153794
819,195.913,1.597906398
820,184.144,1.548846387
821,188.069,1.56386248
822,188.07,1.567152387
823,186.107,1.557949963
824,186.113,1.557959587
825,205.726,1.643231447
826,205.728,1.6432196
827,205.671,1.64301123
828,201.813,1.627176953
829,207.657,1.653270331
830,205.712,1.647137285
831,205.684,1.647039024
832,197.856,1.611153326
833,#VALUE!,#VALUE!
834,201.758,1.626969009
835,201.769,1.630796213
836,199.791,1.620819842
837,199.786,1.620819738
838,201.778,1.630897329
839,199.839,1.621021098
840,199.86,1.621109519
841,205.71,1.647124886
842,205.741,1.643322598
843,209.612,1.659374951
844,205.706,1.643142772
845,205.694,1.64309118
846,201.807,1.630989976
847,203.772,1.641064603
848,201.795,1.638763591
849,199.85,1.628731965
850,203.75,1.644929509
851,201.805,1.638807378
852,201.795,1.634858962
853,199.84,1.624839757
854,199.832,1.624804975
855,197.898,1.618794792
856,199.784,1.620801949
857,#VALUE!,#VALUE!
858,201.799,1.627123701
859,203.755,1.637076804
860,207.643,1.653181082
861,205.718,1.647178555
862,201.791,1.627108584
863,201.773,1.627001983
864,201.759,1.626972116
865,201.783,1.627083722
866,203.727,1.636921547
867,203.742,1.636986366
868,209.617,1.663496113
869,209.663,1.667835665
870,209.649,1.663654119
871,209.629,1.663561401
872,213.553,1.684482294
873,217.456,1.705833474
874,217.453,1.705805409
875,217.445,1.705779443
876,215.514,1.699543622
877,215.502,1.699509212
878,211.618,1.67827369
879,207.659,1.657290176
880,213.541,1.680168688
881,219.422,1.70772615
882,223.346,1.734265688
883,225.301,1.745499065
884,221.366,1.727739552
885,215.496,1.699432978
886,209.637,1.667703931
887,207.693,1.657426927
888,205.736,1.647231109
889,207.662,1.6532614
890,209.613,1.659405062
891,201.823,1.627200234
892,203.749,1.633165938
893,207.644,1.64918369
894,209.61,1.655367126
895,207.655,1.649216051
896,203.779,1.633274909
897,203.756,1.633187692
898,#VALUE!,#VALUE!
899,#VALUE!,#VALUE!
900,201.781,1.627009307
901,201.82,1.627185063
902,205.716,1.643159961
903,205.701,1.643086927
904,203.779,1.633298526
905,201.807,1.627136868
906,201.795,1.627097628
907,201.811,1.627180483
908,201.816,1.62719992
909,203.767,1.63709042
910,205.69,1.643090737
911,205.708,1.643165112
912,205.7,1.643126024
913,203.754,1.637041808
914,203.754,1.637051767
915,203.76,1.637050608
916,203.777,1.637131646
917,205.704,1.643156628
918,207.682,1.649369491
919,207.642,1.649181496
920,205.699,1.643106812
921,205.69,1.643070632
922,205.693,1.643104138
923,205.717,1.643203307
924,207.688,1.649406526
925,207.668,1.649279024
926,211.575,1.661504695
927,211.62,1.661711595
928,207.675,1.649355725
929,215.484,1.677893373
930,215.504,1.677956291
931,213.558,1.667775676
932,205.703,1.643129371
933,205.688,1.643046285
934,207.693,1.649409977
935,219.435,1.694632179
936,221.367,1.705062299
937,221.36,1.705037759
938,223.308,1.711260316
939,219.397,1.694470119
940,213.569,1.667807984
941,221.352,1.700645088
942,219.41,1.690252903
943,215.529,1.673909305
944,213.543,1.667672403
945,207.663,1.649251212
946,215.497,1.6779428
947,207.668,1.64535657
948,213.538,1.67173128
949,215.466,1.677796233
950,207.69,1.649410749
951,207.665,1.649255435
952,207.698,1.649435764
953,205.737,1.647226111
954,205.727,1.651216161
955,209.6,1.667579705
956,207.693,1.657462306
957,209.653,1.667801685
958,209.62,1.667675304
959,209.598,1.667573335
960,209.617,1.667663622
961,209.621,1.667710391
962,211.566,1.678109194
963,211.578,1.678147657
964,211.615,1.678281467
965,211.594,1.678177203
966,211.58,1.678145373
967,211.56,1.678059537
968,213.543,1.688748407
969,211.606,1.678246098
970,211.585,1.678170093
971,211.559,1.678078065
972,211.582,1.678140915
973,211.592,1.678186008
974,211.592,1.678179487
975,201.798,1.630922381
976,203.697,1.636859614
977,203.723,1.63693692
978,207.632,1.653144425
979,205.749,1.647284224
980,207.698,1.653452762
981,207.682,1.653369533
982,209.617,1.663506614
983,205.76,1.647347342
984,203.745,1.637011678
985,203.752,1.637051489
986,203.744,1.636960756
987,203.766,1.637077334
988,201.793,1.627114799
989,201.79,1.62708209
990,201.787,1.627101999
991,203.717,1.636892275
992,203.723,1.636918998
993,203.771,1.637134799
994,203.768,1.637111474
995,203.775,1.637145314
996,203.793,1.637235466
997,203.792,1.637234332
998,203.78,1.637196809
999,203.782,1.637201071
1000,207.671,1.653339038
1001,209.635,1.663590896
1002,205.747,1.647286078
1003,205.737,1.6472424
1004,205.715,1.6471284
1005,205.729,1.647188728
1006,207.65,1.653242145
1007,205.744,1.647256277
1008,205.716,1.647162083
1009,205.717,1.647183553
1010,207.68,1.65736705
1011,209.617,1.663500313
1012,207.693,1.653434975
1013,207.705,1.653464505
1014,211.592,1.66980266
1015,215.493,1.686370875
1016,219.413,1.703233271
1017,219.414,1.703256762
1018,215.517,1.686488863
1019,215.507,1.686432958
1020,221.36,1.713935547
1021,225.301,1.731287814
1022,225.301,1.731313925
1023,229.223,1.748806016
1024,229.21,1.748758657
1025,229.199,1.748708048
1026,229.208,1.748730111
1027,221.378,1.714023539
1028,227.226,1.742216923
1029,225.292,1.731275217
1030,227.233,1.742266458
1031,223.33,1.724883233
1032,227.226,1.742207226
1033,223.342,1.724933947
1034,223.316,1.724818971
1035,225.278,1.731194173
1036,227.248,1.742300908
1037,229.227,1.748828868
1038,229.183,1.748611764
1039,231.135,1.754977985
1040,223.343,1.720377634
1041,223.344,1.720380859
1042,223.338,1.724920964
1043,223.325,1.724862298
1044,223.338,1.724923317
1045,223.344,1.724942792
1046,223.344,1.724952204
1047,223.34,1.724941574
1048,227.237,1.74225043
1049,227.239,1.742249689
1050,213.572,1.684534417
1051,215.514,1.690789853
1052,217.476,1.701431401
1053,219.406,1.707651718
1054,219.412,1.707655093
1055,223.309,1.724786841
1056,223.319,1.724816945
1057,219.416,1.712151456
1058,221.374,1.718543788
1059,219.417,1.712189374
1060,219.437,1.712284346
1061,225.302,1.735977996
1062,221.385,1.718607482
1063,219.428,1.712220455
1064,219.431,1.712257935
1065,219.418,1.716712669
1066,219.421,1.71672715
1067,215.51,1.695121794
1068,213.565,1.688823808
1069,217.457,1.705820683
1070,217.477,1.705892472
1071,217.472,1.70586937
1072,217.471,1.705868415
1073,221.368,1.723084562
1074,223.325,1.729498424
1075,221.367,1.723071848
1076,219.44,1.712298708
1077,219.438,1.71227372
1078,219.441,1.707814828
1079,221.386,1.7185944
1080,221.37,1.718521476
1081,217.465,1.701384611
1082,215.509,1.690720691
1083,217.477,1.697072946
1084,221.364,1.713953053
1085,225.286,1.7312415
1086,223.349,1.724975493
1087,223.345,1.724946038
1088,229.183,1.748599538
1089,225.295,1.731289702
1090,223.325,1.724831714
1091,221.386,1.714083889
1092,219.425,1.707712999
1093,221.394,1.714095873
1094,225.272,1.731153341
1095,223.355,1.720427957
1096,227.245,1.73760967
1097,231.128,1.754932927
1098,231.168,1.75512524
1099,231.147,1.755034445
1100,227.23,1.737525073
1101,229.19,1.743913245
1102,227.226,1.737519272
1103,227.251,1.737617174
1104,227.256,1.737657347
1105,229.178,1.748570981
1106,227.255,1.737673256
1107,227.266,1.737685017
1108,231.143,1.755016447
1109,231.171,1.759980932
1110,231.138,1.755009979
1111,231.147,1.755056642
1112,229.212,1.744011218
1113,227.248,1.737593072
1114,225.301,1.726709437
1115,229.213,1.744014464
1116,229.234,1.744082629
1117,233.127,1.761512003
1118,233.138,1.761537984
1119,235.102,1.767988449
1120,235.114,1.768032666
1121,235.113,1.768067035
1122,238.981,1.785641022
1123,239.005,1.785727671
1124,239.02,1.785815733
1125,237.067,1.779441065
1126,239.023,1.790895976
1127,240.961,1.797327033
1128,240.954,1.79730387
1129,240.973,1.797372017
1130,242.928,1.803880951
1131,241.002,1.797504922
1132,238.999,1.78573636
1133,237.072,1.779411378
1134,237.056,1.779361338
1135,240.959,1.797338884
1136,237.059,1.779363514
1137,239.02,1.78584932
1138,239.004,1.785773464
1139,239.016,1.785838753
1140,239.009,1.785782153
1141,237.079,1.779454892
1142,240.975,1.792279569
1143,246.842,1.816757218
1144,246.844,1.81681789
1145,248.792,1.82326391
1146,250.751,1.829754566
1147,250.798,1.829948541
1148,250.779,1.829855458
1149,250.785,1.829905521
1150,250.768,1.82983828
1151,250.774,1.829841659
1152,246.863,1.816875356
1153,246.859,1.816845902
1154,244.877,1.810303636
1155,244.891,1.810384823
1156,242.957,1.803992879
1157,240.993,1.797438197
1158,242.954,1.80401754
1159,241.001,1.797514809
1160,242.952,1.803955049
1161,242.928,1.80384637
1162,242.924,1.803854414
1163,240.961,1.797305927
1164,244.876,1.815573689
1165,240.977,1.792309589
1166,242.958,1.798820303
1167,246.851,1.816859975
1168,248.794,1.823270528
1169,250.777,1.829859824
1170,246.856,1.816922476
1171,244.88,1.81032697
1172,246.85,1.816826933
1173,248.798,1.82328104
1174,248.802,1.828624621
1175,250.761,1.835185148
1176,250.761,1.835148988
1177,252.685,1.841570803
1178,252.719,1.841700861
1179,250.753,1.835141814
1180,248.85,1.823545764
1181,250.805,1.830015653
1182,248.843,1.823503521
1183,250.772,1.829911936
1184,248.836,1.82347218
1185,248.821,1.823381669
1186,248.834,1.823435587
1187,248.842,1.823483861
1188,250.757,1.829801879
1189,250.742,1.82972753
1190,250.758,1.829780475
1191,250.791,1.829936363
1192,250.795,1.829944107
1193,250.778,1.829934539
1194,250.772,1.829906443
1195,248.826,1.823455438
1196,248.795,1.823276561
1197,248.82,1.823411057
1198,248.843,1.823498071
1199,248.832,1.823434418
1200,244.89,1.805159279
1201,240.968,1.792222693
1202,239.033,1.785886894
1203,239.042,1.78595266
1204,240.995,1.792376587
1205,244.871,1.81023016
1206,239.047,1.785938091
1207,239.04,1.785899573
1208,238.986,1.785670374
1209,238.995,1.785694796
1210,237.061,1.77445353
1211,238.993,1.785703719
1212,239.011,1.785791311
1213,235.143,1.768197663
1214,235.1,1.767996969
1215,235.139,1.768162009
1216,235.138,1.768143686
1217,238.987,1.785650416
1218,238.992,1.785661687
1219,239.017,1.785780037
1220,237.08,1.774525722
1221,237.069,1.774492316
1222,235.131,1.768100745
1223,240.978,1.792271198
1224,239.023,1.785830763
1225,235.132,1.768141651
1226,235.088,1.767950242
1227,235.09,1.76793169
1228,235.127,1.768090187
1229,235.134,1.768138147
1230,235.094,1.767957299
1231,235.044,1.76773378
1232,235.083,1.76791635
1233,235.1,1.767996969
1234,235.085,1.767940442
1235,238.994,1.785704423
1236,235.139,1.7681595
1237,237.033,1.77429123
1238,237.071,1.774443189
1239,237.083,1.774495039
1240,240.941,1.79207924
1241,237.061,1.77444341
1242,238.992,1.785674601
1243,235.121,1.768083132
1244,235.127,1.768090187
1245,235.084,1.767894532
1246,235.092,1.767928189
1247,235.085,1.767887766
1248,235.073,1.767823488
1249,233.153,1.761614347
1250,233.137,1.761584471
1251,233.149,1.761608744
1252,237.048,1.779301729
1253,237.058,1.779319232
1254,239.034,1.785900517
1255,237.061,1.779318847
1256,239.033,1.785904981
1257,239.045,1.785952188
1258,239.036,1.785912261
1259,238.976,1.785609089
1260,239.041,1.785923532
1261,239.051,1.785953826
1262,239.031,1.785906157
1263,237.058,1.779303861
1264,239.022,1.785848145
1265,237.062,1.779347755
1266,239.022,1.785881734
1267,235.09,1.772831722
1268,233.14,1.761636568
1269,231.18,1.755154572
1270,231.155,1.755040846
1271,233.084,1.761359108
1272,233.088,1.761337357
1273,233.159,1.761643898
1274,233.186,1.761789332
1275,237.042,1.779310186
1276,235.11,1.768087345
1277,235.128,1.768148659
1278,238.985,1.785625762
1279,238.994,1.785704423
1280,235.127,1.768142882
1281,235.106,1.768056713
1282,237.022,1.779180391
1283,237.069,1.779386141
1284,237.046,1.779300278
1285,235.104,1.768060215
1286,233.099,1.761393182
1287,233.095,1.761390065
1288,229.211,1.744010387
1289,231.13,1.754936993
1290,227.225,1.737520814
1291,227.257,1.737665381
1292,221.371,1.71399175
1293,221.399,1.714112001
1294,221.35,1.713894085
1295,221.385,1.714050722
1296,217.476,1.697047398
1297,217.449,1.696936287
1298,217.45,1.696937258
1299,221.363,1.713952131
1300,219.425,1.70331907
1301,217.455,1.696973388
1302,217.447,1.69693211
1303,217.475,1.697037491
1304,219.418,1.703287616
1305,223.327,1.72032138
1306,221.382,1.714043349
1307,227.268,1.73770827
1308,225.279,1.731192672
1309,223.343,1.720391575
1310,225.278,1.731208413
1311,225.278,1.731201293
1312,225.289,1.731253611
1313,225.311,1.731346384
1314,225.318,1.731380976
1315,225.298,1.731320804
1316,229.202,1.748654263
1317,229.171,1.748543226
1318,225.287,1.731261361
1319,225.303,1.731315669
1320,227.27,1.737726736
1321,231.13,1.754941925
1322,233.105,1.761465013
1323,233.115,1.761497679
1324,231.132,1.754955855
1325,231.137,1.754962323
1326,225.312,1.73134963
1327,225.273,1.731192184
1328,225.291,1.731274344
1329,225.29,1.731261604
1330,223.314,1.724786602
1331,225.278,1.731170441
1332,225.281,1.731189671
1333,225.279,1.731180806
1334,219.429,1.707735031
1335,219.438,1.707770908
1336,219.425,1.707726695
1337,223.32,1.724813133
1338,221.374,1.714038274
1339,219.413,1.707685708
1340,221.379,1.714047492
1341,225.275,1.731186809
1342,225.301,1.731283067
1343,227.268,1.737715454
1344,227.265,1.737715295
1345,225.31,1.731355008
1346,223.352,1.724982878
1347,223.354,1.725008196
1348,221.399,1.718645927
1349,223.339,1.7249548
1350,244.936,1.805379367
1351,250.77,1.829866868
1352,254.675,1.848288933
1353,252.735,1.841768168
1354,250.752,1.829763366
1355,250.767,1.829818495
1356,250.791,1.829958335
1357,250.763,1.829846449
1358,248.813,1.823396067
1359,246.874,1.816955008
1360,246.835,1.816793514
1361,246.846,1.816827211
1362,244.894,1.810338438
1363,244.873,1.810255545
1364,246.835,1.816766487
1365,246.85,1.816813418
1366,246.85,1.81680531
1367,248.802,1.823299724
1368,248.817,1.823376606
1369,248.809,1.82337193
1370,246.851,1.816884303
1371,241.005,1.792440733
1372,239.003,1.78574951
1373,238.988,1.785684698
1374,235.074,1.767881934
1375,231.201,1.750491778
1376,231.158,1.750325406
1377,233.12,1.761469238
1378,231.161,1.750340015
1379,233.149,1.761608744
1380,233.137,1.761549643
1381,235.072,1.767892959
1382,237.05,1.779280123
1383,237.059,1.779350703
1384,233.086,1.76135818
1385,233.143,1.761618999
1386,235.078,1.772794814
1387,233.144,1.761619778
1388,233.147,1.761644507
1389,235.083,1.772836657
1390,233.147,1.761659436
1391,231.196,1.755275916
1392,233.107,1.766312834
1393,231.183,1.755221111
1394,231.182,1.755227713
1395,235.049,1.772724882
1396,235.052,1.772719502
1397,235.061,1.772749089
1398,233.114,1.761521776
1399,227.216,1.737470059
1400,223.331,1.720322665
1401,223.357,1.720446027
1402,219.437,1.703357533
1403,227.262,1.737662456
1404,231.15,1.755031913
1405,225.295,1.731258845
1406,225.261,1.731129503
1407,225.286,1.735896883
1408,223.31,1.729404156
1409,221.385,1.718581825
1410,221.36,1.718475026
1411,221.37,1.718519144
1412,213.536,1.688699175
1413,215.478,1.699374556
1414,217.408,1.710119318
1415,219.456,1.716930465
1416,223.358,1.734358253
1417,217.456,1.719595489
1418,207.679,1.696276205
1419,217.41,1.714710726
1420,217.414,1.714745023
1421,209.613,1.676107719
1422,203.725,1.665470035
1423,201.816,1.659294565
1424,201.831,1.663612152
1425,229.197,1.822390705
1426,244.897,1.917402771
1427,190.024,1.628766747
1428,193.957,1.641808183
1429,197.838,1.646214752
1430,195.905,1.639957272
1431,192.016,1.631320072
1432,195.899,1.644059271
1433,186.142,1.620004197
1434,192.006,1.652267408
1435,186.108,1.632209717
1436,184.187,1.617523896
1437,182.206,1.606859754
1438,170.463,1.571486523
1439,174.399,1.577143784
1440,174.33,1.569454652
1441,172.453,1.563384101
1442,164.566,1.530777592
1443,164.592,1.530907683
1444,168.467,1.543385844
1445,172.387,1.556001006
1446,174.311,1.569349813
1447,172.361,1.56300262
1448,170.479,1.549873723
1449,168.458,1.539896609
1450,182.159,1.614695957
1451,190.021,1.65864708
1452,190.017,1.658660612
1453,188.101,1.647616982
1454,188.084,1.647549534
1455,190.088,1.663464895
1456,190.033,1.663265983
1457,184.196,1.642861879
1458,199.789,1.721932341
1459,188.081,1.66089569
1460,184.189,1.647271948
1461,170.5,1.583055484
1462,172.431,1.593607133
1463,168.529,1.565017836
1464,168.488,1.564863334
1465,168.507,1.568625334
1466,170.418,1.571291606
1467,170.43,1.571349072
1468,176.377,1.611384182
1469,182.214,1.640306705
1470,178.285,1.61797227
1471,193.94,1.599044321
1472,199.805,1.620903862
1473,195.865,1.601321978
1474,193.93,1.595386849
1475,197.831,1.611047792
1476,199.828,1.620998493
1477,201.771,1.630843883
1478,201.783,1.627087619
1479,205.673,1.651014317
1480,203.762,1.644981783
1481,203.745,1.64099781
1482,205.687,1.651062752
1483,203.734,1.640910778
1484,203.775,1.641090176
1485,205.726,1.64718947
1486,203.766,1.637071359
1487,201.806,1.627129863
1488,207.675,1.657344981
1489,211.587,1.6739298
1490,209.627,1.663540368
1491,203.755,1.63709274
1492,207.668,1.653300826
1493,205.713,1.643170691
1494,201.795,1.627101526
1495,201.765,1.626975175
1496,193.942,1.595410895
1497,199.814,1.6171861
1498,211.569,1.665560383
1499,219.422,1.698887434
1500,211.601,1.678182249
