Frame,Time,X,Y
0,0,180.536804,180.873804
1,0.04,179.326006,180.308837
2,0.08,178.252033,179.602712
3,0.12,177.244939,178.808292
4,0.16,176.350255,177.949295
5,0.2,175.454525,177.120349
6,0.24,174.712337,176.237127
7,0.28,174.170786,175.423666
8,0.32,173.795816,174.596147
9,0.36,173.680862,173.600268
10,0.4,173.772466,172.574902
11,0.44,174.166786,171.473482
12,0.48,174.817417,170.305077
13,0.52,175.433589,169.162839
14,0.56,175.715746,168.183486
15,0.6,175.479818,167.54863
16,0.64,174.807313,167.230447
17,0.68,173.654566,167.221925
18,0.72,172.293829,167.441601
19,0.76,170.613902,167.729403
20,0.8,168.720843,168.117463
21,0.84,166.576219,168.662693
22,0.88,164.36833,169.415463
23,0.92,162.171175,170.271415
24,0.96,160.135931,171.131139
25,1,158.314324,171.945364
26,1.04,156.725036,172.773109
27,1.08,155.303963,173.594741
28,1.12,154.128301,174.334726
29,1.16,153.186594,175.006446
30,1.2,152.509551,175.577886
31,1.24,152.053674,176.084103
32,1.28,151.807873,176.52564
33,1.32,151.654613,176.933167
34,1.36,151.517997,177.196116
35,1.4,151.423884,177.40998
36,1.44,151.343277,177.562859
37,1.48,151.313415,177.669168
38,1.52,151.314049,177.760315
39,1.56,151.364303,177.883205
40,1.6,151.412902,177.904004
41,1.64,151.535877,177.93195
42,1.68,151.672762,177.922619
43,1.72,151.808376,177.943868
44,1.76,151.926226,177.96405
45,1.8,152.067367,178.00557
46,1.84,152.192193,178.068964
47,1.88,152.281186,178.131191
48,1.92,152.368003,178.200021
49,1.96,152.439276,178.249017
50,2,152.519021,178.336196
51,2.04,152.573132,178.392324
52,2.08,152.643805,178.46067
53,2.12,152.673984,178.498152
54,2.16,152.722433,178.557729
55,2.2,152.754593,178.64857
56,2.24,152.787218,178.724573
57,2.28,152.804294,178.79228
58,2.32,152.807539,178.858294
59,2.36,152.817535,178.942104
60,2.4,152.820564,179.031154
61,2.44,152.830787,179.094343
62,2.48,152.841931,179.157946
63,2.52,152.896371,179.224239
64,2.56,152.952526,179.295382
65,2.6,153.008431,179.333539
66,2.64,153.081408,179.411791
67,2.68,153.150254,179.455664
68,2.72,153.234708,179.497002
69,2.76,153.301381,179.51914
70,2.8,153.360573,179.558688
71,2.84,153.429896,179.607721
72,2.88,153.494739,179.683387
73,2.92,153.538466,179.798225
74,2.96,153.517331,179.918192
75,3,153.485157,180.049788
76,3.04,153.403087,180.176345
77,3.08,153.343569,180.313879
78,3.12,153.315422,180.48378
79,3.16,153.293981,180.61792
80,3.2,153.200856,180.789805
81,3.24,153.126918,180.971504
82,3.28,153.067823,181.103543
83,3.32,153.009798,181.211808
84,3.36,152.959384,181.305548
85,3.4,152.946691,181.346486
86,3.44,152.943785,181.33047
87,3.48,153.031412,181.353997
88,3.52,153.106597,181.363205
89,3.56,153.23816,181.450098
90,3.6,153.339622,181.520668
91,3.64,153.435033,181.552629
92,3.68,153.540757,181.555126
93,3.72,153.633201,181.547953
94,3.76,153.731518,181.523141
95,3.8,153.84086,181.521263
96,3.84,153.946134,181.50941
97,3.88,154.029029,181.496483
98,3.92,154.093788,181.481171
99,3.96,154.140115,181.453042
100,4,154.223134,181.467485
101,4.04,154.245485,181.468951
102,4.08,154.272364,181.482838
103,4.12,154.302316,181.47655
104,4.16,154.326447,181.468328
105,4.2,154.359164,181.469783
106,4.24,154.377588,181.46907
107,4.28,154.390496,181.477648
108,4.32,154.396491,181.470519
109,4.36,154.393891,181.483206
110,4.4,154.394339,181.480792
111,4.44,154.412628,181.491587
112,4.48,154.437845,181.505296
113,4.52,154.484507,181.503123
114,4.56,154.521383,181.512142
115,4.6,154.566711,181.529122
116,4.64,154.619504,181.551081
117,4.68,154.6369,181.567681
118,4.72,154.651018,181.571151
119,4.76,154.653331,181.571741
120,4.8,154.644734,181.572676
121,4.84,154.645495,181.580458
122,4.88,154.645224,181.57249
123,4.92,154.642712,181.569972
124,4.96,154.626508,181.582691
125,5,154.621716,181.576462
126,5.04,154.613788,181.569868
127,5.08,154.609155,181.56099
128,5.12,154.61542,181.564619
129,5.16,154.624664,181.553922
130,5.2,154.647664,181.544034
131,5.24,154.659233,181.519629
132,5.28,154.662828,181.507237
133,5.32,154.682679,181.492298
134,5.36,154.676175,181.495612
135,5.4,154.69671,181.4699
136,5.44,154.702114,181.459963
137,5.48,154.740263,181.437643
138,5.52,154.73505,181.463368
139,5.56,154.767435,181.524748
140,5.6,154.813387,181.573703
141,5.64,154.950022,181.577734
142,5.68,155.066193,181.599448
143,5.72,155.235434,181.487245
144,5.76,155.384512,181.313935
145,5.8,155.550991,181.118219
146,5.84,155.803778,180.88637
147,5.88,156.182777,180.635184
148,5.92,156.665316,180.291884
149,5.96,157.263516,179.88481
150,6,158.055195,179.36093
151,6.04,158.94207,178.727163
152,6.08,159.77927,178.016389
153,6.12,160.350719,177.463192
154,6.16,160.480119,177.069125
155,6.2,160.492004,176.713795
156,6.24,160.320534,176.347356
157,6.28,160.110304,176.110132
158,6.32,159.795281,176.058417
159,6.36,159.241971,176.169485
160,6.4,158.453742,176.352593
161,6.44,157.641494,176.56045
162,6.48,156.869588,176.591299
163,6.52,156.134626,176.599986
164,6.56,155.433285,176.558994
165,6.6,154.930924,176.469971
166,6.64,154.463007,176.418757
167,6.68,154.064246,176.418318
168,6.72,153.749783,176.512518
169,6.76,153.448065,176.585676
170,6.8,153.170663,176.642746
171,6.84,152.898858,176.723564
172,6.88,152.715701,176.787304
173,6.92,152.551731,176.894021
174,6.96,152.4054,177.003427
175,7,152.281071,177.078276
176,7.04,152.144471,177.165092
177,7.08,152.026536,177.148847
178,7.12,151.844818,177.069251
179,7.16,151.712826,176.967028
180,7.2,151.559077,176.9214
181,7.24,151.463075,176.966767
182,7.28,151.366838,177.100906
183,7.32,151.321119,177.308513
184,7.36,151.283134,177.528568
185,7.4,151.202101,177.778977
186,7.44,151.061963,177.921604
187,7.48,150.91575,177.983406
188,7.52,150.717117,177.979934
189,7.56,150.573597,177.948615
190,7.6,150.457484,177.919278
191,7.64,150.398966,177.916635
192,7.68,150.361422,177.955318
193,7.72,150.345303,178.04008
194,7.76,150.324346,178.092382
195,7.8,150.30653,178.103946
196,7.84,150.257305,178.110654
197,7.88,150.22439,178.109096
198,7.92,150.215185,178.084774
199,7.96,150.204707,178.064221
200,8,150.209217,178.045833
201,8.04,150.229526,178.013062
202,8.08,150.250698,178.000064
203,8.12,150.292228,177.961732
204,8.16,150.327875,177.90352
205,8.2,150.357668,177.882959
206,8.24,150.331025,177.847511
207,8.28,150.332298,177.782326
208,8.32,150.340335,177.745722
209,8.36,150.327945,177.746682
210,8.4,150.376848,177.755404
211,8.44,150.439388,177.772046
212,8.48,150.516347,177.793745
213,8.52,150.566746,177.808822
214,8.56,150.588047,177.811683
215,8.6,150.593236,177.834275
216,8.64,150.599778,177.847864
217,8.68,150.58689,177.870682
218,8.72,150.577573,177.90249
219,8.76,150.598977,177.921567
220,8.8,150.598478,177.955977
221,8.84,150.594442,177.985142
222,8.88,150.601695,177.997211
223,8.92,150.609403,178.016044
224,8.96,150.618781,178.022124
225,9,150.615001,178.045256
226,9.04,150.599067,178.052528
227,9.08,150.609194,178.077924
228,9.12,150.625179,178.106237
229,9.16,150.64221,178.129339
230,9.2,150.639901,178.165576
231,9.24,150.636621,178.202046
232,9.28,150.615365,178.232004
233,9.32,150.567837,178.267604
234,9.36,150.517438,178.31938
235,9.4,150.491719,178.34549
236,9.44,150.461573,178.389889
237,9.48,150.457556,178.396961
238,9.52,150.443619,178.425481
239,9.56,150.453609,178.440083
240,9.6,150.459282,178.451334
241,9.64,150.444638,178.455277
242,9.68,150.43267,178.472811
243,9.72,150.42371,178.486663
244,9.76,150.416083,178.487071
245,9.8,150.416209,178.497538
246,9.84,150.434169,178.507756
247,9.88,150.462513,178.526033
248,9.92,150.495485,178.544611
249,9.96,150.49217,178.547272
250,10,150.521368,178.58268
251,10.04,150.50247,178.574567
252,10.08,150.477663,178.565988
253,10.12,150.45473,178.555394
254,10.16,150.415709,178.519609
255,10.2,150.371336,178.440616
256,10.24,150.250313,178.32561
257,10.28,150.188837,178.153568
258,10.32,150.155682,177.962469
259,10.36,150.221779,177.851779
260,10.4,150.331106,177.730652
261,10.44,150.562138,177.702438
262,10.48,150.897621,177.708941
263,10.52,151.190343,177.752938
264,10.56,151.475078,177.757568
265,10.6,151.64996,177.780978
266,10.64,151.763739,177.751558
267,10.68,151.827629,177.740868
268,10.72,151.88976,177.692676
269,10.76,151.923182,177.642565
270,10.8,151.987536,177.620593
271,10.84,152.04917,177.617584
272,10.88,152.131909,177.6115
273,10.92,152.218872,177.60691
274,10.96,152.311503,177.587864
275,11,152.413515,177.518744
276,11.04,152.476179,177.418046
277,11.08,152.524259,177.309592
278,11.12,152.569749,177.166825
279,11.16,152.632864,177.028415
280,11.2,152.694128,176.922984
281,11.24,152.760582,176.878321
282,11.28,152.816761,176.851908
283,11.32,152.894536,176.747391
284,11.36,152.939482,176.6927
285,11.4,153.007485,176.54859
286,11.44,153.074817,176.463179
287,11.48,153.135196,176.35858
288,11.52,153.196441,176.281062
289,11.56,153.222191,176.234247
290,11.6,153.227347,176.198238
291,11.64,153.254793,176.167122
292,11.68,153.2683,176.168693
293,11.72,153.284225,176.16737
294,11.76,153.309315,176.171068
295,11.8,153.321236,176.160817
296,11.84,153.341194,176.163306
297,11.88,153.378778,176.193739
298,11.92,153.430847,176.200931
299,11.96,153.446479,176.231109
300,12,153.518853,176.289918
301,12.04,153.563185,176.336162
302,12.08,153.647577,176.404973
303,12.12,153.707242,176.412834
304,12.16,153.772242,176.427024
305,12.2,153.829218,176.45733
306,12.24,153.881072,176.50081
307,12.28,153.888637,176.526434
308,12.32,153.900434,176.562073
309,12.36,153.904556,176.591115
310,12.4,153.896288,176.615486
311,12.44,153.891485,176.615836
312,12.48,153.885328,176.619353
313,12.52,153.886806,176.629159
314,12.56,153.902403,176.634964
315,12.6,153.928544,176.637802
316,12.64,153.94845,176.634946
317,12.68,153.959605,176.631147
318,12.72,153.996832,176.621692
319,12.76,154.037721,176.611274
320,12.8,154.077814,176.612199
321,12.84,154.116739,176.604579
322,12.88,154.169845,176.572155
323,12.92,154.267619,176.492994
324,12.96,154.369226,176.376778
325,13,154.557761,176.156071
326,13.04,154.759257,175.859715
327,13.08,155.040276,175.438682
328,13.12,155.409489,175.082972
329,13.16,155.827071,174.79919
330,13.2,156.25748,174.434482
331,13.24,156.587919,174.046999
332,13.28,156.80225,173.555396
333,13.32,156.874848,173.106659
334,13.36,156.814327,172.654621
335,13.4,156.661064,172.333309
336,13.44,156.463354,172.043979
337,13.48,156.337519,171.725177
338,13.52,156.293219,171.342728
339,13.56,156.307464,170.897601
340,13.6,156.452554,170.456836
341,13.64,156.709522,170.097403
342,13.68,157.034359,169.761203
343,13.72,157.45536,169.38204
344,13.76,157.896918,168.969084
345,13.8,158.419146,168.448069
346,13.84,159.040591,167.827633
347,13.88,159.823293,167.09449
348,13.92,160.621098,166.236695
349,13.96,161.453521,165.308611
350,14,162.11122,164.484393
351,14.04,162.530755,163.886277
352,14.08,162.776237,163.478511
353,14.12,162.658442,163.199879
354,14.16,162.017564,163.070715
355,14.2,160.346647,163.005392
356,14.24,157.816912,162.962922
357,14.28,154.757417,163.01544
358,14.32,151.63337,163.159739
359,14.36,148.643428,163.4048
360,14.4,145.867748,163.761468
361,14.44,143.322028,164.130331
362,14.48,141.106704,164.265763
363,14.52,139.19937,164.319205
364,14.56,137.601388,164.380169
365,14.6,136.351604,164.44977
366,14.64,135.454441,164.580287
367,14.68,134.81794,164.685938
368,14.72,134.39561,164.70183
369,14.76,134.078328,164.63953
370,14.8,133.866345,164.515195
371,14.84,133.729369,164.280957
372,14.88,133.628839,164.033297
373,14.92,133.628305,163.806186
374,14.96,133.773187,163.549111
375,15,134.199999,163.182325
376,15.04,135.147175,162.668368
377,15.08,136.707389,162.021005
378,15.12,138.795081,161.438151
379,15.16,141.243946,160.814905
380,15.2,143.964818,160.269401
381,15.24,146.654707,159.792196
382,15.28,149.108477,159.390475
383,15.32,151.298807,158.89659
384,15.36,153.030339,158.545352
385,15.4,154.453192,158.042899
386,15.44,155.602784,157.517495
387,15.48,156.521894,156.915546
388,15.52,157.361715,156.3476
389,15.56,158.068309,155.70069
390,15.6,158.681981,155.12685
391,15.64,159.311447,154.604388
392,15.68,160.058462,154.016241
393,15.72,160.946364,153.368758
394,15.76,161.811619,152.83095
395,15.8,162.411957,152.427982
396,15.84,162.735061,152.222696
397,15.88,162.793738,152.167525
398,15.92,162.77385,152.429813
399,15.96,162.658387,152.825266
400,16,162.482125,153.131307
401,16.04,162.119559,153.274343
402,16.08,161.725586,153.368622
403,16.12,161.275343,153.491447
404,16.16,160.881366,153.619548
405,16.2,160.543234,153.571399
406,16.24,160.236499,153.443359
407,16.28,160.077084,153.344831
408,16.32,159.909098,153.321758
409,16.36,159.798857,153.434737
410,16.4,159.734871,153.519787
411,16.44,159.659662,153.70943
412,16.48,159.635905,153.817213
413,16.52,159.746387,153.881199
414,16.56,159.842933,153.832722
415,16.6,160.010688,153.759153
416,16.64,160.299825,153.692858
417,16.68,160.603089,153.674394
418,16.72,160.89741,153.69969
419,16.76,161.191208,153.784088
420,16.8,161.487367,153.902995
421,16.84,161.747194,153.991566
422,16.88,162.055551,154.12138
423,16.92,162.264916,154.282217
424,16.96,162.54361,154.491907
425,17,162.778337,154.618901
426,17.04,163.000112,154.78843
427,17.08,163.160545,154.992159
428,17.12,163.258146,155.265683
429,17.16,163.253157,155.498336
430,17.2,163.201945,155.679084
431,17.24,163.136012,155.838787
432,17.28,163.127502,155.891584
433,17.32,163.238342,155.979326
434,17.36,163.522792,156.108111
435,17.4,163.902834,156.384787
436,17.44,164.31541,156.720601
437,17.48,164.686884,157.188052
438,17.52,165.000445,157.664315
439,17.56,165.219089,158.161524
440,17.6,165.446718,158.641186
441,17.64,165.667997,159.140968
442,17.68,165.867768,159.5092
443,17.72,166.001276,159.853183
444,17.76,166.066515,160.131218
445,17.8,166.097362,160.365727
446,17.84,166.094512,160.535304
447,17.88,166.102362,160.586344
448,17.92,166.057239,160.58606
449,17.96,166.025408,160.695163
450,18,166.030123,160.934351
451,18.04,166.168552,161.271944
452,18.08,166.357778,161.730554
453,18.12,166.522618,162.184413
454,18.16,166.685601,162.520876
455,18.2,166.694163,162.675024
456,18.24,166.746743,162.880784
457,18.28,166.879179,163.151717
458,18.32,166.75062,163.022334
459,18.36,166.200725,162.305687
460,18.4,165.433623,161.625457
461,18.44,164.845426,161.555386
462,18.48,164.430692,162.238293
463,18.52,164.313542,163.333518
464,18.56,164.457782,164.393801
465,18.6,164.759192,165.285462
466,18.64,165.170741,165.939407
467,18.68,165.520355,166.353172
468,18.72,165.760984,166.528822
469,18.76,165.780556,166.360978
470,18.8,165.649876,166.328915
471,18.84,165.496446,166.739595
472,18.88,165.44842,167.595453
473,18.92,165.565981,168.561693
474,18.96,165.855256,169.516926
475,19,166.092125,170.333717
476,19.04,166.333527,171.022996
477,19.08,166.49182,171.591194
478,19.12,166.560411,172.024115
479,19.16,166.601221,172.458466
480,19.2,166.603412,172.815572
481,19.24,166.521001,173.121943
482,19.28,166.358289,173.333149
483,19.32,166.056131,173.515634
484,19.36,165.732091,173.679999
485,19.4,165.501489,173.917923
486,19.44,165.409044,174.251594
487,19.48,165.455326,174.569001
488,19.52,165.601611,174.771395
489,19.56,165.797598,174.864448
490,19.6,165.928332,174.895423
491,19.64,166.007811,174.9129
492,19.68,166.047394,174.994947
493,19.72,166.092817,175.149795
494,19.76,166.129197,175.295441
495,19.8,166.120036,175.462521
496,19.84,166.11219,175.638975
497,19.88,166.1647,175.795316
498,19.92,166.157451,175.859873
499,19.96,166.123284,175.844274
500,20,166.059721,175.822358
501,20.04,165.955321,175.776079
502,20.08,165.84579,175.654756
503,20.12,165.634475,175.504326
504,20.16,165.348085,175.310237
505,20.2,165.037058,175.112688
506,20.24,164.561025,174.838514
507,20.28,164.044194,174.674739
508,20.32,163.507545,174.648139
509,20.36,162.891659,174.694267
510,20.4,162.097688,174.866023
511,20.44,161.135153,175.080683
512,20.48,160.109163,175.247596
513,20.52,159.151607,175.374672
514,20.56,158.223958,175.425156
515,20.6,157.446364,175.499716
516,20.64,156.714735,175.510713
517,20.68,156.1121,175.462817
518,20.72,155.682279,175.355763
519,20.76,155.368802,175.261258
520,20.8,155.146006,175.168319
521,20.84,155.010526,175.094528
522,20.88,154.946917,175.001443
523,20.92,154.96737,174.92039
524,20.96,155.014298,174.843552
525,21,155.087506,174.708056
526,21.04,155.159115,174.557548
527,21.08,155.24032,174.392292
528,21.12,155.310904,174.228577
529,21.16,155.392109,174.067093
530,21.2,155.485547,173.973709
531,21.24,155.589298,173.824223
532,21.28,155.668656,173.742958
533,21.32,155.74378,173.675974
534,21.36,155.819322,173.620203
535,21.4,155.982319,173.546615
536,21.44,156.13212,173.503813
537,21.48,156.274793,173.440972
538,21.52,156.416422,173.419295
539,21.56,156.566185,173.399339
540,21.6,156.709074,173.386063
541,21.64,156.816385,173.311651
542,21.68,156.928339,173.2471
543,21.72,157.065958,173.192023
544,21.76,157.204691,173.123765
545,21.8,157.345275,173.078555
546,21.84,157.458107,173.000828
547,21.88,157.616479,172.92143
548,21.92,157.751968,172.869629
549,21.96,157.856346,172.843341
550,22,157.994474,172.784458
551,22.04,158.081141,172.757745
552,22.08,158.187932,172.72883
553,22.12,158.291738,172.680857
554,22.16,158.425419,172.630416
555,22.2,158.564006,172.588632
556,22.24,158.745297,172.526173
557,22.28,158.929367,172.483906
558,22.32,159.122337,172.406597
559,22.36,159.327754,172.322563
560,22.4,159.515955,172.241828
561,22.44,159.71897,172.205857
562,22.48,159.960189,172.174523
563,22.52,160.107581,172.136799
564,22.56,160.241683,172.133479
565,22.6,160.30855,172.169036
566,22.64,160.366763,172.233807
567,22.68,160.43793,172.324594
568,22.72,160.523615,172.445388
569,22.76,160.560239,172.590074
570,22.8,160.55207,172.831835
571,22.84,160.487624,173.005818
572,22.88,160.385415,173.200882
573,22.92,160.291583,173.354986
574,22.96,160.199049,173.478972
575,23,160.152329,173.557522
576,23.04,160.119575,173.634222
577,23.08,160.132656,173.68662
578,23.12,160.145913,173.747604
579,23.16,160.156553,173.759448
580,23.2,160.128121,173.773988
581,23.24,160.091996,173.735344
582,23.28,160.070037,173.671858
583,23.32,160.057742,173.625609
584,23.36,160.036444,173.58743
585,23.4,160.056779,173.527876
586,23.44,160.096342,173.501402
587,23.48,160.128242,173.475016
588,23.52,160.146501,173.47844
589,23.56,160.164416,173.449792
590,23.6,160.193784,173.412127
591,23.64,160.188298,173.354825
592,23.68,160.158301,173.330128
593,23.72,160.155546,173.298908
594,23.76,160.149498,173.26433
595,23.8,160.143801,173.283339
596,23.84,160.150728,173.284356
597,23.88,160.132656,173.313244
598,23.92,160.114133,173.343056
599,23.96,160.103367,173.337675
600,24,160.089323,173.370026
601,24.04,160.05881,173.43241
602,24.08,160.039075,173.475543
603,24.12,159.994665,173.506521
604,24.16,159.948628,173.537418
605,24.2,159.912311,173.542374
606,24.24,159.871926,173.550869
607,24.28,159.842697,173.55653
608,24.32,159.809294,173.574955
609,24.36,159.781906,173.563296
610,24.4,159.763669,173.558564
611,24.44,159.750682,173.516296
612,24.48,159.731944,173.482292
613,24.52,159.705022,173.50253
614,24.56,159.69475,173.478389
615,24.6,159.689927,173.473991
616,24.64,159.71057,173.452221
617,24.68,159.716396,173.444436
618,24.72,159.735947,173.433312
619,24.76,159.745553,173.432977
620,24.8,159.762446,173.433879
621,24.84,159.775774,173.449751
622,24.88,159.77466,173.450551
623,24.92,159.779424,173.448174
624,24.96,159.77853,173.462729
625,25,159.786233,173.477913
626,25.04,159.779651,173.502462
627,25.08,159.763786,173.52516
628,25.12,159.745206,173.526048
629,25.16,159.723842,173.520637
630,25.2,159.690283,173.515457
631,25.24,159.642249,173.492699
632,25.28,159.601198,173.480455
633,25.32,159.538608,173.450259
634,25.36,159.488486,173.419959
635,25.4,159.434266,173.375867
636,25.44,159.370143,173.334698
637,25.48,159.312136,173.288702
638,25.52,159.276214,173.25501
639,25.56,159.232895,173.203583
640,25.6,159.17454,173.152692
641,25.64,159.134827,173.061014
642,25.68,159.115076,172.988136
643,25.72,159.090009,172.914654
644,25.76,159.057027,172.842785
645,25.8,159.051085,172.731428
646,25.84,159.047463,172.667045
647,25.88,159.068027,172.565258
648,25.92,159.11466,172.495251
649,25.96,159.190565,172.376512
650,26,159.254254,172.243556
651,26.04,159.302862,172.063753
652,26.08,159.390449,171.90384
653,26.12,159.47126,171.71082
654,26.16,159.561884,171.390968
655,26.2,159.646596,171.124881
656,26.24,159.792866,170.792284
657,26.28,159.906753,170.47829
658,26.32,160.046591,170.101915
659,26.36,160.142216,169.707014
660,26.4,160.248535,169.306339
661,26.44,160.292446,168.925204
662,26.48,160.355799,168.661801
663,26.52,160.449998,168.436329
664,26.56,160.550254,168.305334
665,26.6,160.663369,168.237167
666,26.64,160.771622,168.222817
667,26.68,160.859285,168.218101
668,26.72,160.97435,168.326481
669,26.76,161.112127,168.473318
670,26.8,161.224705,168.660149
671,26.84,161.303718,168.872287
672,26.88,161.34004,169.112918
673,26.92,161.34289,169.336148
674,26.96,161.340331,169.467218
675,27,161.317351,169.627994
676,27.04,161.306203,169.752279
677,27.08,161.29268,169.908947
678,27.12,161.297294,170.048991
679,27.16,161.2609,170.133539
680,27.2,161.223753,170.260856
681,27.24,161.229377,170.30377
682,27.28,161.240272,170.367642
683,27.32,161.243484,170.423489
684,27.36,161.237087,170.46415
685,27.4,161.233139,170.483322
686,27.44,161.240938,170.501684
687,27.48,161.237974,170.547066
688,27.52,161.227214,170.60169
689,27.56,161.212866,170.619246
690,27.6,161.212791,170.651003
691,27.64,161.211559,170.695551
692,27.68,161.212235,170.741645
693,27.72,161.188958,170.788739
694,27.76,161.167171,170.859645
695,27.8,161.152479,170.887791
696,27.84,161.148696,170.910139
697,27.88,161.144342,170.918981
698,27.92,161.130148,170.926
699,27.96,161.175174,170.994675
700,28,161.183143,171.186152
701,28.04,161.263963,171.492791
702,28.08,161.338238,171.818996
703,28.12,161.347914,171.634411
704,28.16,161.266869,170.938329
705,28.2,161.099424,170.220445
706,28.24,160.992474,169.859708
707,28.28,160.980607,170.042582
708,28.32,161.025309,170.621523
709,28.36,161.121269,171.420917
710,28.4,161.155721,171.957039
711,28.44,161.192799,172.110129
712,28.48,161.173395,171.892354
713,28.52,161.114459,171.376398
714,28.56,161.024681,170.831245
715,28.6,160.855771,170.365165
716,28.64,160.700499,170.03835
717,28.68,160.57972,169.85872
718,28.72,160.5612,169.743802
719,28.76,160.617584,169.598476
720,28.8,160.668747,169.421558
721,28.84,160.741268,169.218914
722,28.88,160.785362,168.980989
723,28.92,160.780758,168.811039
724,28.96,160.749456,168.709622
725,29,160.643218,168.591201
726,29.04,160.523911,168.532444
727,29.08,160.433878,168.531371
728,29.12,160.304136,168.538487
729,29.16,160.262056,168.586355
730,29.2,160.203959,168.635151
731,29.24,160.182463,168.770926
732,29.28,160.171584,168.840682
733,29.32,160.221333,168.860488
734,29.36,160.277572,168.802376
735,29.4,160.346555,168.786902
736,29.44,160.434698,168.868852
737,29.48,160.551068,169.012102
738,29.52,160.693787,169.180616
739,29.56,160.730189,169.28691
740,29.6,160.792893,169.317571
741,29.64,160.840792,169.277356
742,29.68,160.866555,169.209952
743,29.72,160.862752,169.168139
744,29.76,160.814516,169.136021
745,29.8,160.689731,169.128598
746,29.84,160.580877,169.175282
747,29.88,160.434979,169.252667
748,29.92,160.298833,169.339628
749,29.96,160.204753,169.411295
750,30,160.16507,169.550062
751,30.04,160.117989,169.608937
752,30.08,160.114195,169.720151
753,30.12,160.124544,169.822427
754,30.16,160.097929,169.928105
755,30.2,160.104973,170.043291
756,30.24,160.206699,170.134652
757,30.28,160.32467,170.274656
758,30.32,160.545827,170.386949
759,30.36,160.760743,170.495759
760,30.4,160.937732,170.536637
761,30.44,161.130895,170.455896
762,30.48,161.24627,170.322313
763,30.52,161.35151,170.325417
764,30.56,161.457871,170.46328
765,30.6,161.570344,170.775586
766,30.64,161.692451,171.060188
767,30.68,161.822539,171.305358
768,30.72,161.949502,171.490708
769,30.76,162.061524,171.589845
770,30.8,162.142917,171.669967
771,30.84,162.138813,171.725292
772,30.88,162.086169,171.810279
773,30.92,161.970493,171.865875
774,30.96,161.844217,171.911959
775,31,161.672546,171.925527
776,31.04,161.502026,171.953678
777,31.08,161.293437,171.965085
778,31.12,161.131113,171.98052
779,31.16,161.034508,171.99431
780,31.2,161.014069,172.017338
781,31.24,161.095649,172.052272
782,31.28,161.257708,172.061549
783,31.32,161.416816,171.938672
784,31.36,161.500281,171.811444
785,31.4,161.421883,171.768123
786,31.44,161.331715,171.797378
787,31.48,161.317237,171.89127
788,31.52,161.374673,171.961678
789,31.56,161.436347,172.060539
790,31.6,161.454351,172.08082
791,31.64,161.490828,172.086921
792,31.68,161.487876,172.086717
793,31.72,161.465388,172.107105
794,31.76,161.443253,172.18453
795,31.8,161.44199,172.28517
796,31.84,161.4396,172.331448
797,31.88,161.409421,172.32231
798,31.92,161.378931,172.244496
799,31.96,161.358093,172.182783
800,32,161.383666,172.115626
801,32.04,161.345101,172.05769
802,32.08,161.304111,172.003464
803,32.12,161.235148,171.935127
804,32.16,161.170431,171.834829
805,32.2,161.107088,171.727156
806,32.24,161.046096,171.617889
807,32.28,161.004898,171.525491
808,32.32,160.998166,171.445345
809,32.36,160.979487,171.344784
810,32.4,160.959069,171.257622
811,32.44,160.964988,171.150344
812,32.48,160.95252,171.046584
813,32.52,160.97212,170.910486
814,32.56,160.991704,170.761839
815,32.6,161.007002,170.596741
816,32.64,161.039648,170.433803
817,32.68,161.031054,170.292683
818,32.72,161.021055,170.152589
819,32.76,160.983747,169.987802
820,32.8,160.963491,169.87373
821,32.84,160.922318,169.789508
822,32.88,160.85529,169.720918
823,32.92,160.830165,169.690154
824,32.96,160.753057,169.631377
825,33,160.69936,169.585034
826,33.04,160.624441,169.541135
827,33.08,160.541288,169.483539
828,33.12,160.46983,169.439296
829,33.16,160.377654,169.394904
830,33.2,160.295365,169.368251
831,33.24,160.149024,169.300623
832,33.28,159.994447,169.191913
833,33.32,159.842701,169.067078
834,33.36,159.642475,168.887964
835,33.4,159.424917,168.65539
836,33.44,159.214298,168.354307
837,33.48,158.965854,167.924301
838,33.52,158.76059,167.452662
839,33.56,158.605406,166.910939
840,33.6,158.438293,166.29412
841,33.64,158.310303,165.658856
842,33.68,158.211185,164.947786
843,33.72,158.119183,164.28429
844,33.76,158.03794,163.619467
845,33.8,157.998147,163.007883
846,33.84,157.953392,162.437108
847,33.88,157.920298,161.880217
848,33.92,157.934337,161.378091
849,33.96,157.908367,160.927095
850,34,157.8736,160.502845
851,34.04,157.828665,160.154234
852,34.08,157.821959,159.859182
853,34.12,157.800081,159.572922
854,34.16,157.784846,159.359041
855,34.2,157.784624,159.11992
856,34.24,157.78833,158.927309
857,34.28,157.796185,158.73347
858,34.32,157.822161,158.603535
859,34.36,157.894521,158.505516
860,34.4,157.965547,158.36294
861,34.44,158.067042,158.270234
862,34.48,158.216275,158.166739
863,34.52,158.348168,158.058724
864,34.56,158.562363,157.927436
865,34.6,158.788933,157.788808
866,34.64,159.015672,157.671274
867,34.68,159.233038,157.596615
868,34.72,159.42333,157.509432
869,34.76,159.583731,157.488774
870,34.8,159.736373,157.476662
871,34.84,159.891737,157.53336
872,34.88,160.073589,157.5562
873,34.92,160.26764,157.672507
874,34.96,160.461987,157.769598
875,35,160.60878,157.936362
876,35.04,160.668745,158.133462
877,35.08,160.615042,158.280286
878,35.12,160.487974,158.405498
879,35.16,160.2314,158.500704
880,35.2,159.970023,158.638162
881,35.24,159.79088,158.819371
882,35.28,159.706878,159.030554
883,35.32,159.753385,159.266969
884,35.36,159.916846,159.496633
885,35.4,160.103979,159.668174
886,35.44,160.332913,159.804077
887,35.48,160.665614,159.991437
888,35.52,161.051754,160.182796
889,35.56,161.392419,160.389286
890,35.6,161.676327,160.558463
891,35.64,161.958145,160.799901
892,35.68,162.13653,160.997189
893,35.72,162.208636,161.177734
894,35.76,162.229669,161.342797
895,35.8,162.187273,161.453052
896,35.84,162.144389,161.589366
897,35.88,162.098514,161.709559
898,35.92,162.089329,161.855696
899,35.96,162.08938,162.00124
900,36,162.166933,162.229628
901,36.04,162.234673,162.436108
902,36.08,162.285752,162.654541
903,36.12,162.260306,162.851955
904,36.16,162.261169,163.0086
905,36.2,162.253883,163.065735
906,36.24,162.243456,163.064825
907,36.28,162.217649,162.9841
908,36.32,162.146709,162.86164
909,36.36,162.05021,162.779627
910,36.4,161.941059,162.645682
911,36.44,161.841676,162.64969
912,36.48,161.781466,162.734787
913,36.52,161.81742,162.899423
914,36.56,161.908963,163.035917
915,36.6,162.103016,163.134197
916,36.64,162.289344,163.214861
917,36.68,162.503814,163.27344
918,36.72,162.63895,163.257446
919,36.76,162.704262,163.252001
920,36.8,162.676125,163.163964
921,36.84,162.552762,163.044386
922,36.88,162.394776,163.012303
923,36.92,162.343894,163.100009
924,36.96,162.388406,163.26164
925,37,162.507406,163.425379
926,37.04,162.639437,163.521331
927,37.08,162.712247,163.430932
928,37.12,162.69334,163.165404
929,37.16,162.566761,162.953626
930,37.2,162.50197,162.924627
931,37.24,162.565297,163.095285
932,37.28,162.770688,163.346623
933,37.32,162.959769,163.448259
934,37.36,163.044808,163.300187
935,37.4,162.974389,163.027909
936,37.44,162.825419,162.811978
937,37.48,162.729081,162.836548
938,37.52,162.7677,163.115603
939,37.56,162.924156,163.422768
940,37.6,163.049261,163.442906
941,37.64,162.999834,163.114023
942,37.68,162.758062,162.706089
943,37.72,162.332421,162.539056
944,37.76,162.028344,162.713357
945,37.8,161.827182,163.299325
946,37.84,161.744035,163.936154
947,37.88,161.73361,164.293969
948,37.92,161.669176,164.354733
949,37.96,161.6575,164.279428
950,38,161.673446,164.136983
951,38.04,161.629923,163.87369
952,38.08,161.525937,163.643008
953,38.12,161.32691,163.536816
954,38.16,161.122664,163.572726
955,38.2,160.949867,163.675694
956,38.24,160.815576,163.832701
957,38.28,160.706327,163.925358
958,38.32,160.627479,163.928477
959,38.36,160.552688,163.891874
960,38.4,160.449291,163.778821
961,38.44,160.288003,163.682755
962,38.48,160.096749,163.612781
963,38.52,159.855735,163.585603
964,38.56,159.691116,163.659322
965,38.6,159.634777,163.775507
966,38.64,159.779076,164.060481
967,38.68,160.194699,164.504126
968,38.72,160.815207,165.151471
969,38.76,161.720235,165.856686
970,38.8,162.656098,166.700498
971,38.84,163.505255,167.594844
972,38.88,164.310819,168.362417
973,38.92,164.814212,168.681263
974,38.96,165.017066,168.612361
975,39,164.901433,168.206679
976,39.04,164.63056,167.549644
977,39.08,164.349713,166.892818
978,39.12,164.189201,166.273531
979,39.16,164.149389,165.870409
980,39.2,164.278053,165.715712
981,39.24,164.504568,165.804266
982,39.28,164.624947,166.003053
983,39.32,164.395693,165.849472
984,39.36,163.708717,165.230321
985,39.4,162.732362,164.106879
986,39.44,161.571427,162.787433
987,39.48,160.411317,161.449443
988,39.52,159.32906,160.156518
989,39.56,158.439548,158.912447
990,39.6,157.804334,157.794187
991,39.64,157.300747,156.797494
992,39.68,157.067978,155.870943
993,39.72,157.139363,155.061984
994,39.76,157.546367,154.236287
995,39.8,158.143425,153.33943
996,39.84,158.660721,152.464548
997,39.88,159.042142,151.706945
998,39.92,159.103224,151.287025
999,39.96,158.827486,151.167205
1000,40,158.242137,151.249668
1001,40.04,157.534781,151.293162
1002,40.08,156.772107,151.312465
1003,40.12,156.103491,151.29655
1004,40.16,155.534782,151.331975
1005,40.2,154.929006,151.441375
1006,40.24,154.331,151.593372
1007,40.28,153.764561,151.742414
1008,40.32,153.245718,151.875102
1009,40.36,152.912194,151.883433
1010,40.4,152.667025,151.812602
1011,40.44,152.666667,151.711018
1012,40.48,152.845561,151.616042
1013,40.52,153.277316,151.461734
1014,40.56,153.806536,151.295482
1015,40.6,154.423843,151.031088
1016,40.64,155.068342,150.700852
1017,40.68,155.755698,150.457263
1018,40.72,156.530944,150.285079
1019,40.76,157.377219,150.319111
1020,40.8,158.40824,150.482765
1021,40.84,159.542523,150.807014
1022,40.88,160.645484,151.196368
1023,40.92,161.723025,151.561845
1024,40.96,162.595423,152.069414
1025,41,163.309594,152.556497
1026,41.04,163.883641,152.937772
1027,41.08,164.170499,153.024963
1028,41.12,164.304135,152.728542
1029,41.16,164.327008,152.440887
1030,41.2,164.34398,152.365739
1031,41.24,164.511228,152.592138
1032,41.28,164.7155,153.067982
1033,41.32,165.023072,153.609063
1034,41.36,165.360908,154.208377
1035,41.4,165.69354,154.825948
1036,41.44,165.984752,155.35206
1037,41.48,166.18333,155.821538
1038,41.52,166.246309,156.177468
1039,41.56,166.152214,156.497501
1040,41.6,165.909353,156.649009
1041,41.64,165.54858,156.648084
1042,41.68,165.169653,156.335991
1043,41.72,164.759206,155.878272
1044,41.76,164.296001,155.521499
1045,41.8,163.969529,155.487222
1046,41.84,163.810967,155.852646
1047,41.88,163.756386,156.401035
1048,41.92,163.832844,156.919929
1049,41.96,164.074993,157.116778
1050,42,164.588403,157.251513
1051,42.04,165.056768,157.338306
1052,42.08,165.325043,157.226574
1053,42.12,165.171452,156.958615
1054,42.16,164.666104,156.672661
1055,42.2,164.075524,156.755386
1056,42.24,163.597487,157.175165
1057,42.28,163.186529,157.705865
1058,42.32,162.856662,158.348669
1059,42.36,162.565264,159.019681
1060,42.4,162.325239,159.584549
1061,42.44,162.131173,160.097798
1062,42.48,162.019551,160.530334
1063,42.52,161.917194,160.824477
1064,42.56,161.801406,160.900782
1065,42.6,161.550737,160.893433
1066,42.64,161.217524,161.021046
1067,42.68,160.96809,161.435716
1068,42.72,160.77408,161.932314
1069,42.76,160.704158,162.461058
1070,42.8,160.731694,162.884321
1071,42.84,160.806988,163.230301
1072,42.88,160.899691,163.435621
1073,42.92,160.987572,163.484699
1074,42.96,160.96861,163.449937
1075,43,160.894966,163.499184
1076,43.04,160.749579,163.697871
1077,43.08,160.573827,164.09459
1078,43.12,160.460927,164.546418
1079,43.16,160.347432,164.980044
1080,43.2,160.336767,165.434578
1081,43.24,160.424775,165.863834
1082,43.28,160.553536,166.239727
1083,43.32,160.711911,166.569498
1084,43.36,160.838155,166.889218
1085,43.4,160.899854,167.123078
1086,43.44,160.932992,167.34805
1087,43.48,160.943552,167.49505
1088,43.52,160.932653,167.595755
1089,43.56,160.851159,167.689312
1090,43.6,160.733246,167.750085
1091,43.64,160.544776,167.847743
1092,43.68,160.303177,167.911588
1093,43.72,160.081126,167.971509
1094,43.76,159.80968,167.991278
1095,43.8,159.546356,167.995671
1096,43.84,159.275423,167.953518
1097,43.88,159.01005,167.945155
1098,43.92,158.835352,167.922776
1099,43.96,158.717491,167.937189
1100,44,158.602516,167.914345
1101,44.04,158.552535,167.91632
1102,44.08,158.522066,167.908593
1103,44.12,158.425255,167.874884
1104,44.16,158.304587,167.79934
1105,44.2,158.194669,167.736826
1106,44.24,158.087075,167.632719
1107,44.28,158.00779,167.569131
1108,44.32,157.947245,167.53085
1109,44.36,157.901287,167.497827
1110,44.4,157.870484,167.484935
1111,44.44,157.841957,167.478843
1112,44.48,157.826001,167.457344
1113,44.52,157.766424,167.434333
1114,44.56,157.750955,167.393153
1115,44.6,157.749817,167.331341
1116,44.64,157.746796,167.283778
1117,44.68,157.778243,167.223382
1118,44.72,157.80909,167.15001
1119,44.76,157.826732,167.084532
1120,44.8,157.865091,167.076992
1121,44.84,157.868328,167.046678
1122,44.88,157.876321,167.006439
1123,44.92,157.874659,166.969023
1124,44.96,157.868696,166.951264
1125,45,157.862518,166.921578
1126,45.04,157.898754,166.896498
1127,45.08,157.942133,166.813193
1128,45.12,158.014962,166.732573
1129,45.16,158.043725,166.675884
1130,45.2,158.101952,166.607158
1131,45.24,158.159869,166.562296
1132,45.28,158.199567,166.483338
1133,45.32,158.205291,166.469102
1134,45.36,158.210332,166.418333
1135,45.4,158.214888,166.387012
1136,45.44,158.20982,166.338115
1137,45.48,158.219239,166.308909
1138,45.52,158.227809,166.241941
1139,45.56,158.23341,166.210354
1140,45.6,158.24482,166.143957
1141,45.64,158.270446,166.06772
1142,45.68,158.294766,165.984895
1143,45.72,158.343386,165.983547
1144,45.76,158.502052,166.03247
1145,45.8,158.69394,166.102354
1146,45.84,158.83903,166.236204
1147,45.88,159.006491,166.349626
1148,45.92,159.199147,166.493135
1149,45.96,159.441022,166.619745
1150,46,159.594717,166.723339
1151,46.04,159.649691,166.790918
1152,46.08,159.572643,166.816603
1153,46.12,159.31494,166.835653
1154,46.16,158.913079,166.840391
1155,46.2,158.648365,166.944467
1156,46.24,158.561802,167.082499
1157,46.28,158.693566,167.222394
1158,46.32,158.878549,167.292767
1159,46.36,158.999689,167.226261
1160,46.4,158.991866,167.09585
1161,46.44,158.944752,167.050649
1162,46.48,158.873308,167.084098
1163,46.52,158.815153,167.128044
1164,46.56,158.772866,167.218588
1165,46.6,158.724631,167.289397
1166,46.64,158.703519,167.362532
1167,46.68,158.697176,167.373888
1168,46.72,158.683128,167.391925
1169,46.76,158.67155,167.394382
1170,46.8,158.625764,167.367553
1171,46.84,158.561097,167.387079
1172,46.88,158.488138,167.406011
1173,46.92,158.453252,167.450583
1174,46.96,158.451637,167.495727
1175,47,158.484114,167.542212
1176,47.04,158.524672,167.600961
1177,47.08,158.555691,167.668304
1178,47.12,158.614863,167.726161
1179,47.16,158.641147,167.775293
1180,47.2,158.614383,167.814674
1181,47.24,158.576637,167.83967
1182,47.28,158.567167,167.8572
1183,47.32,158.562077,167.850799
1184,47.36,158.560587,167.838929
1185,47.4,158.565855,167.840996
1186,47.44,158.604252,167.80202
1187,47.48,158.692849,167.739057
1188,47.52,158.767893,167.687267
1189,47.56,158.872887,167.626479
1190,47.6,158.975062,167.505163
1191,47.64,159.098014,167.379611
1192,47.68,159.1898,167.233441
1193,47.72,159.240774,167.11649
1194,47.76,159.301434,166.97706
1195,47.8,159.381943,166.856472
1196,47.84,159.45947,166.770786
1197,47.88,159.548157,166.729839
1198,47.92,159.594987,166.691124
1199,47.96,159.674411,166.705875
1200,48,159.750578,166.794394
1201,48.04,159.770621,166.920394
1202,48.08,159.843105,167.008059
1203,48.12,159.913008,167.04304
1204,48.16,159.99007,167.111921
1205,48.2,160.075009,167.162494
1206,48.24,160.122181,167.215566
1207,48.28,160.199008,167.276935
1208,48.32,160.22114,167.328782
1209,48.36,160.284943,167.388879
1210,48.4,160.311081,167.42964
1211,48.44,160.337697,167.486396
1212,48.48,160.356961,167.536697
1213,48.52,160.414844,167.533422
1214,48.56,160.479732,167.577455
1215,48.6,160.542939,167.652777
1216,48.64,160.569799,167.705979
1217,48.68,160.563495,167.774363
1218,48.72,160.536968,167.845379
1219,48.76,160.559902,167.886661
1220,48.8,160.595707,167.904168
1221,48.84,160.597305,167.941629
1222,48.88,160.604691,168.000776
1223,48.92,160.622934,168.038211
1224,48.96,160.632663,168.076087
1225,49,160.637279,168.079986
1226,49.04,160.638446,168.075133
1227,49.08,160.632661,168.078959
1228,49.12,160.657802,168.119187
1229,49.16,160.660887,168.156056
1230,49.2,160.605679,168.242627
1231,49.24,160.509254,168.387446
1232,49.28,160.285008,168.514927
1233,49.32,160.114224,168.664232
1234,49.36,160.022686,168.740912
1235,49.4,159.938359,168.779748
1236,49.44,159.898315,168.802275
1237,49.48,159.876832,168.819282
1238,49.52,159.9139,168.875622
1239,49.56,160.019742,168.902647
1240,49.6,160.183185,168.676656
1241,49.64,160.253454,168.303409
1242,49.68,160.248922,167.976832
1243,49.72,160.400668,168.013386
1244,49.76,160.706161,168.326486
1245,49.8,161.095116,168.803446
1246,49.84,161.456238,169.098765
1247,49.88,161.639394,169.193239
1248,49.92,161.760586,169.183441
1249,49.96,161.797181,169.141056
1250,50,161.840815,169.241036
1251,50.04,161.89259,169.352986
1252,50.08,161.909784,169.535434
1253,50.12,161.916184,169.653329
1254,50.16,161.955483,169.727295
1255,50.2,161.980868,169.7037
1256,50.24,161.977411,169.662755
1257,50.28,161.93428,169.547381
1258,50.32,161.863989,169.358868
1259,50.36,161.893753,169.173307
1260,50.4,162.021505,169.102406
1261,50.44,162.146916,169.092737
1262,50.48,162.278691,169.085861
1263,50.52,162.398472,169.118424
1264,50.56,162.462445,169.126203
1265,50.6,162.541144,169.039341
1266,50.64,162.521817,168.719018
1267,50.68,162.493874,168.324669
1268,50.72,162.389399,167.854574
1269,50.76,162.276653,167.401242
1270,50.8,162.158454,167.020473
1271,50.84,162.059789,166.694135
1272,50.88,162.011966,166.414768
1273,50.92,161.998494,166.155614
1274,50.96,162.089782,165.821584
1275,51,162.270934,165.375655
1276,51.04,162.593137,164.905929
1277,51.08,163.010345,164.287865
1278,51.12,163.484201,163.58863
1279,51.16,163.967472,162.780851
1280,51.2,164.27043,161.938927
1281,51.24,164.439544,161.121742
1282,51.28,164.339255,160.334445
1283,51.32,164.133004,159.636993
1284,51.36,163.890283,159.026555
1285,51.4,163.476648,158.514805
1286,51.44,163.038225,158.156867
1287,51.48,162.654958,157.626026
1288,51.52,162.212232,157.033445
1289,51.56,161.72408,156.502489
1290,51.6,161.238665,156.109753
1291,51.64,160.808911,155.755465
1292,51.68,160.529622,155.431942
1293,51.72,160.344015,155.061742
1294,51.76,160.282149,154.594653
1295,51.8,160.293895,154.112656
1296,51.84,160.361959,153.669758
1297,51.88,160.422848,153.238123
1298,51.92,160.503761,152.90217
1299,51.96,160.644989,152.65922
1300,52,160.752654,152.524149
1301,52.04,160.892269,152.711247
1302,52.08,161.051209,153.092247
1303,52.12,161.222479,153.54424
1304,52.16,161.362397,153.98206
1305,52.2,161.386063,154.33577
1306,52.24,161.341506,154.687229
1307,52.28,161.363695,155.067059
1308,52.32,161.495018,155.589605
1309,52.36,161.585828,156.058281
1310,52.4,161.351331,156.139933
1311,52.44,160.777162,156.125091
1312,52.48,160.029961,156.21405
1313,52.52,159.424413,156.594037
1314,52.56,158.983753,157.110557
1315,52.6,158.730499,157.551622
1316,52.64,158.624517,157.974404
1317,52.68,158.66989,158.415597
1318,52.72,158.800786,158.814901
1319,52.76,158.986287,159.189505
1320,52.8,159.241284,159.542125
1321,52.84,159.454424,159.849757
1322,52.88,159.766632,160.122386
1323,52.92,159.980277,160.125253
1324,52.96,160.102276,160.01894
1325,53,160.184953,160.050651
1326,53.04,160.342857,160.355931
1327,53.08,160.544451,160.884042
1328,53.12,160.783044,161.519397
1329,53.16,160.956674,162.260751
1330,53.2,161.08744,162.911808
1331,53.24,161.121085,163.368784
1332,53.28,161.122807,163.694129
1333,53.32,161.06426,163.789537
1334,53.36,160.933905,163.770023
1335,53.4,160.775255,163.716884
1336,53.44,160.639487,163.77093
1337,53.48,160.573871,164.019974
1338,53.52,160.596554,164.411913
1339,53.56,160.742279,164.863336
1340,53.6,160.948048,165.338409
1341,53.64,161.128918,165.798235
1342,53.68,161.236263,166.177357
1343,53.72,161.212589,166.463536
1344,53.76,161.057384,166.496904
1345,53.8,160.759976,166.141515
1346,53.84,160.327223,165.4221
1347,53.88,159.91465,164.618604
1348,53.92,159.601904,164.073179
1349,53.96,159.436155,163.898279
1350,54,159.402368,163.939319
1351,54.04,159.436774,164.192207
1352,54.08,159.548371,164.485998
1353,54.12,159.670236,164.787989
1354,54.16,159.752827,164.991105
1355,54.2,159.852216,165.138447
1356,54.24,159.964128,165.289146
1357,54.28,160.055878,165.376637
1358,54.32,160.087342,165.356429
1359,54.36,160.033367,165.245901
1360,54.4,159.866954,165.146126
1361,54.44,159.721324,165.183351
1362,54.48,159.703288,165.368915
1363,54.52,159.848992,165.569187
1364,54.56,160.062079,165.67029
1365,54.6,160.197759,165.48697
1366,54.64,160.251854,165.229854
1367,54.68,160.219719,165.097352
1368,54.72,160.185172,165.074581
1369,54.76,160.174832,165.190491
1370,54.8,160.22407,165.444773
1371,54.84,160.358728,165.667717
1372,54.88,160.471929,165.840207
1373,54.92,160.531953,165.808278
1374,54.96,160.605548,165.654583
1375,55,160.619541,165.356258
1376,55.04,160.568631,165.084236
1377,55.08,160.445529,164.972297
1378,55.12,160.316829,164.970889
1379,55.16,160.217631,165.107457
1380,55.2,160.245989,165.347913
1381,55.24,160.321952,165.648121
1382,55.28,160.458406,165.884158
1383,55.32,160.652478,166.105562
1384,55.36,160.833902,166.287987
1385,55.4,161.028598,166.38084
1386,55.44,161.1404,166.372984
1387,55.48,161.145284,166.180761
1388,55.52,160.995758,165.955496
1389,55.56,160.786394,165.88216
1390,55.6,160.723634,166.135146
1391,55.64,160.851211,166.581
1392,55.68,161.018403,166.788588
1393,55.72,161.102145,166.531939
1394,55.76,161.036874,166.135335
1395,55.8,160.870245,165.852151
1396,55.84,160.802426,165.866945
1397,55.88,160.850561,166.19804
1398,55.92,161.02708,166.715258
1399,55.96,161.202086,166.989044
1400,56,161.267925,166.767626
1401,56.04,161.133045,166.176404
1402,56.08,160.899759,165.840852
1403,56.12,160.792903,165.995364
1404,56.16,160.818024,166.646824
1405,56.2,160.929241,167.440547
1406,56.24,161.114567,168.173068
1407,56.28,161.244313,168.819848
1408,56.32,161.324492,169.36631
1409,56.36,161.325258,169.728195
1410,56.4,161.240193,170.038556
1411,56.44,161.184635,170.303224
1412,56.48,161.057821,170.541985
1413,56.52,160.925665,170.73843
1414,56.56,160.798805,170.877686
1415,56.6,160.635062,170.918923
1416,56.64,160.413263,170.935507
1417,56.68,160.215962,170.927713
1418,56.72,160.005785,170.974647
1419,56.76,159.883087,171.103765
1420,56.8,159.866271,171.268949
1421,56.84,159.933799,171.435954
1422,56.88,160.03518,171.54925
1423,56.92,160.138971,171.568437
1424,56.96,160.252627,171.485981
1425,57,160.358098,171.417874
1426,57.04,160.442597,171.412563
1427,57.08,160.500058,171.44174
1428,57.12,160.539154,171.56503
1429,57.16,160.561496,171.706591
1430,57.2,160.601492,171.948306
1431,57.24,160.668201,172.104546
1432,57.28,160.70815,172.090117
1433,57.32,160.795523,171.939063
1434,57.36,160.814101,171.748049
1435,57.4,160.874504,171.593474
1436,57.44,160.944437,171.505218
1437,57.48,161.005511,171.434358
1438,57.52,161.02184,171.356127
1439,57.56,161.020142,171.241869
1440,57.6,160.989187,171.076841
1441,57.64,160.962359,170.899825
1442,57.68,160.929001,170.691278
1443,57.72,160.881322,170.47624
1444,57.76,160.853644,170.266528
1445,57.8,160.794908,170.027976
1446,57.84,160.758038,169.727266
1447,57.88,160.666043,169.391332
1448,57.92,160.630307,169.068313
1449,57.96,160.605351,168.741899
1450,58,160.525725,168.433362
1451,58.04,160.470499,168.151209
1452,58.08,160.444343,167.817054
1453,58.12,160.414647,167.483524
1454,58.16,160.397495,167.168776
1455,58.2,160.383448,166.788839
1456,58.24,160.446829,166.422715
1457,58.28,160.526847,166.060152
1458,58.32,160.595343,165.604735
1459,58.36,160.709225,165.137714
1460,58.4,160.721837,164.651648
1461,58.44,160.716263,164.174326
1462,58.48,160.643173,163.658275
1463,58.52,160.557598,163.179375
1464,58.56,160.426034,162.730367
1465,58.6,160.23357,162.245911
1466,58.64,160.017908,161.804325
1467,58.68,159.828644,161.331941
1468,58.72,159.598355,160.881583
1469,58.76,159.363003,160.439329
1470,58.8,159.101923,159.956583
1471,58.84,158.859445,159.486282
1472,58.88,158.625292,159.106126
1473,58.92,158.377805,158.751872
1474,58.96,158.121822,158.380243
1475,59,157.8998,158.017024
1476,59.04,157.688778,157.604006
1477,59.08,157.492768,157.101671
1478,59.12,157.390585,156.729106
1479,59.16,157.511854,156.424562
1480,59.2,157.748538,156.185378
1481,59.24,158.054579,155.909908
1482,59.28,158.48217,155.599879
1483,59.32,158.835981,155.16631
1484,59.36,159.18245,154.753804
1485,59.4,159.730733,154.341894
1486,59.44,160.554271,154.040453
1487,59.48,161.592328,153.726793
1488,59.52,162.886185,153.418514
1489,59.56,164.367338,153.186476
1490,59.6,166.055221,153.032667
1491,59.64,167.838173,153.022104
1492,59.68,169.717776,153.099112
1493,59.72,171.639238,153.267265
1494,59.76,173.590104,153.551716
1495,59.8,175.495199,153.866505
1496,59.84,177.306817,154.025225
1497,59.88,179.051662,154.097441
1498,59.92,180.538063,154.090679
1499,59.96,181.790172,154.08872
1500,60,182.835893,154.211882
